image,source_set
00_173_az_190.810_el_3.500.png,clear_horizon
00_239_az_196.830_el_3.500.png,clear_horizon
00_328_az_202.840_el_3.500.png,clear_horizon
00_409_az_208.820_el_3.500.png,clear_horizon
00_482_az_214.830_el_3.500.png,clear_horizon
00_561_az_220.820_el_3.500.png,clear_horizon
00_649_az_226.820_el_3.500.png,clear_horizon
00_720_az_232.830_el_3.500.png,clear_horizon
00_799_az_238.820_el_3.500.png,clear_horizon
00_891_az_244.840_el_3.500.png,clear_horizon
00_964_az_250.810_el_3.500.png,clear_horizon
01_035_az_256.830_el_3.500.png,clear_horizon
01_128_az_262.820_el_3.500.png,clear_horizon
01_211_az_268.790_el_3.500.png,clear_horizon
01_257_az_94.530_el_11.900.png,clear_horizon
01_280_az_274.830_el_3.500.png,clear_horizon
01_346_az_100.500_el_11.900.png,clear_horizon
01_368_az_280.800_el_3.500.png,clear_horizon
01_436_az_106.510_el_11.900.png,clear_horizon
01_445_az_286.810_el_3.500.png,clear_horizon
01_506_az_112.530_el_11.900.png,clear_horizon
01_528_az_292.830_el_3.500.png,clear_horizon
01_595_az_118.490_el_11.900.png,clear_horizon
01_618_az_298.790_el_3.500.png,clear_horizon
01_654_az_124.500_el_11.900.png,clear_horizon
01_677_az_304.800_el_3.500.png,clear_horizon
01_739_az_130.500_el_11.900.png,clear_horizon
01_763_az_310.800_el_3.500.png,clear_horizon
01_822_az_136.480_el_11.900.png,clear_horizon
01_845_az_316.780_el_3.500.png,clear_horizon
01_907_az_142.480_el_11.900.png,clear_horizon
01_930_az_322.780_el_3.500.png,clear_horizon
01_985_az_148.480_el_11.900.png,clear_horizon
02_007_az_328.780_el_3.500.png,clear_horizon
02_090_az_334.790_el_3.500.png,clear_horizon
02_177_az_340.740_el_3.500.png,clear_horizon
02_217_az_346.770_el_3.500.png,clear_horizon
02_321_az_352.750_el_3.500.png,clear_horizon
02_494_az_4.770_el_3.500.png,clear_horizon
02_570_az_10.720_el_3.500.png,clear_horizon
02_641_az_16.730_el_3.500.png,clear_horizon
02_730_az_22.740_el_3.500.png,clear_horizon
02_816_az_28.700_el_3.500.png,clear_horizon
02_881_az_34.730_el_3.500.png,clear_horizon
02_973_az_40.710_el_3.500.png,clear_horizon
03_050_az_46.730_el_3.500.png,clear_horizon
03_128_az_52.720_el_3.500.png,clear_horizon
03_206_az_58.710_el_3.500.png,clear_horizon
03_291_az_64.700_el_3.500.png,clear_horizon
03_360_az_70.700_el_3.500.png,clear_horizon
03_530_az_82.710_el_3.500.png,clear_horizon
03_611_az_88.700_el_3.500.png,clear_horizon
03_690_az_94.710_el_3.500.png,clear_horizon
03_763_az_100.690_el_3.500.png,clear_horizon
03_850_az_106.740_el_3.500.png,clear_horizon
03_932_az_112.740_el_3.500.png,clear_horizon
04_015_az_118.730_el_3.500.png,clear_horizon
04_083_az_124.750_el_3.500.png,clear_horizon
04_176_az_130.730_el_3.500.png,clear_horizon
04_241_az_136.760_el_3.500.png,clear_horizon
04_321_az_142.770_el_3.500.png,clear_horizon
04_414_az_148.770_el_3.500.png,clear_horizon
04_492_az_154.770_el_3.500.png,clear_horizon
04_572_az_160.760_el_3.500.png,clear_horizon
04_643_az_166.800_el_3.500.png,clear_horizon
04_723_az_172.780_el_3.500.png,clear_horizon
04_802_az_178.770_el_3.500.png,clear_horizon
04_883_az_184.790_el_3.500.png,clear_horizon
05_039_az_196.790_el_3.500.png,clear_horizon
05_121_az_202.800_el_3.500.png,clear_horizon
05_202_az_208.780_el_3.500.png,clear_horizon
05_282_az_214.790_el_3.500.png,clear_horizon
05_373_az_220.780_el_3.500.png,clear_horizon
05_455_az_226.780_el_3.500.png,clear_horizon
05_524_az_232.780_el_3.500.png,clear_horizon
05_615_az_238.760_el_3.500.png,clear_horizon
05_685_az_244.770_el_3.500.png,clear_horizon
05_761_az_250.750_el_3.500.png,clear_horizon
05_830_az_256.770_el_3.500.png,clear_horizon
05_924_az_262.770_el_3.500.png,clear_horizon
06_017_az_268.750_el_3.500.png,clear_horizon
06_061_az_274.790_el_3.500.png,clear_horizon
06_149_az_100.460_el_11.900.png,clear_horizon
06_175_az_280.760_el_3.500.png,clear_horizon
06_232_az_106.460_el_11.900.png,clear_horizon
06_254_az_286.760_el_3.500.png,clear_horizon
06_311_az_292.790_el_3.500.png,clear_horizon
06_334_az_112.490_el_11.900.png,clear_horizon
06_395_az_298.740_el_3.500.png,clear_horizon
06_418_az_118.440_el_11.900.png,clear_horizon
06_469_az_124.460_el_11.900.png,clear_horizon
06_491_az_304.760_el_3.500.png,clear_horizon
06_555_az_130.450_el_11.900.png,clear_horizon
06_578_az_310.750_el_3.500.png,clear_horizon
06_619_az_136.450_el_11.900.png,clear_horizon
06_642_az_316.750_el_3.500.png,clear_horizon
06_700_az_142.450_el_11.900.png,clear_horizon
06_733_az_322.750_el_3.500.png,clear_horizon
06_795_az_148.430_el_11.900.png,clear_horizon
06_817_az_328.730_el_3.500.png,clear_horizon
06_902_az_334.740_el_3.500.png,clear_horizon
06_961_az_340.700_el_3.500.png,clear_horizon
07_046_az_346.710_el_3.500.png,clear_horizon
07_130_az_352.700_el_3.500.png,clear_horizon
07_204_az_358.690_el_3.500.png,clear_horizon
07_281_az_4.710_el_3.500.png,clear_horizon
07_373_az_10.680_el_3.500.png,clear_horizon
07_454_az_16.700_el_3.500.png,clear_horizon
07_532_az_22.680_el_3.500.png,clear_horizon
07_615_az_28.650_el_3.500.png,clear_horizon
07_696_az_34.660_el_3.500.png,clear_horizon
07_769_az_40.630_el_3.500.png,clear_horizon
07_856_az_46.650_el_3.500.png,clear_horizon
07_923_az_52.660_el_3.500.png,clear_horizon
07_997_az_58.640_el_3.500.png,clear_horizon
08_093_az_64.670_el_3.500.png,clear_horizon
08_181_az_70.650_el_3.500.png,clear_horizon
08_246_az_76.680_el_3.500.png,clear_horizon
08_334_az_82.670_el_3.500.png,clear_horizon
08_416_az_88.660_el_3.500.png,clear_horizon
08_495_az_94.670_el_3.500.png,clear_horizon
08_562_az_100.640_el_3.500.png,clear_horizon
08_633_az_106.700_el_3.500.png,clear_horizon
08_728_az_112.690_el_3.500.png,clear_horizon
08_818_az_118.690_el_3.500.png,clear_horizon
08_907_az_124.710_el_3.500.png,clear_horizon
08_962_az_130.680_el_3.500.png,clear_horizon
09_055_az_136.710_el_3.500.png,clear_horizon
09_137_az_142.710_el_3.500.png,clear_horizon
09_215_az_148.710_el_3.500.png,clear_horizon
09_299_az_154.710_el_3.500.png,clear_horizon
09_347_az_63.010_el_3.500.png,clear_horizon
09_375_az_160.710_el_3.500.png,clear_horizon
09_434_az_69.010_el_3.500.png,clear_horizon
09_454_az_166.740_el_3.500.png,clear_horizon
09_512_az_75.010_el_3.500.png,clear_horizon
09_533_az_172.740_el_3.500.png,clear_horizon
09_580_az_81.000_el_3.500.png,clear_horizon
09_600_az_178.720_el_3.500.png,clear_horizon
09_671_az_87.040_el_3.500.png,clear_horizon
09_689_az_184.740_el_3.500.png,clear_horizon
09_740_az_93.030_el_3.500.png,clear_horizon
09_820_az_99.030_el_3.500.png,clear_horizon
09_855_az_196.740_el_3.500.png,clear_horizon
09_913_az_105.060_el_3.500.png,clear_horizon
09_935_az_202.740_el_3.500.png,clear_horizon
09_994_az_111.030_el_3.500.png,clear_horizon
10_003_az_208.720_el_3.500.png,clear_horizon
10_075_az_117.070_el_3.500.png,clear_horizon
10_081_az_214.750_el_3.500.png,clear_horizon
10_154_az_123.070_el_3.500.png,clear_horizon
10_177_az_220.730_el_3.500.png,clear_horizon
10_212_az_129.050_el_3.500.png,clear_horizon
10_257_az_226.730_el_3.500.png,clear_horizon
10_304_az_135.080_el_3.500.png,clear_horizon
10_313_az_232.740_el_3.500.png,clear_horizon
10_384_az_141.070_el_3.500.png,clear_horizon
10_398_az_238.720_el_3.500.png,clear_horizon
10_474_az_147.080_el_3.500.png,clear_horizon
10_487_az_244.740_el_3.500.png,clear_horizon
10_558_az_153.100_el_3.500.png,clear_horizon
10_577_az_250.720_el_3.500.png,clear_horizon
10_640_az_159.090_el_3.500.png,clear_horizon
10_657_az_256.740_el_3.500.png,clear_horizon
10_718_az_165.100_el_3.500.png,clear_horizon
10_731_az_262.720_el_3.500.png,clear_horizon
10_795_az_171.090_el_3.500.png,clear_horizon
10_814_az_268.700_el_3.500.png,clear_horizon
10_866_az_94.440_el_11.900.png,clear_horizon
10_889_az_274.740_el_3.500.png,clear_horizon
10_900_az_177.110_el_3.500.png,clear_horizon
10_955_az_100.380_el_11.900.png,clear_horizon
10_960_az_183.100_el_3.500.png,clear_horizon
10_978_az_280.680_el_3.500.png,clear_horizon
11_036_az_106.390_el_11.900.png,clear_horizon
11_050_az_189.090_el_3.500.png,clear_horizon
11_058_az_286.690_el_3.500.png,clear_horizon
11_120_az_112.410_el_11.900.png,clear_horizon
11_129_az_195.140_el_3.500.png,clear_horizon
11_143_az_292.710_el_3.500.png,clear_horizon
11_193_az_118.380_el_11.900.png,clear_horizon
11_206_az_298.680_el_3.500.png,clear_horizon
11_215_az_201.110_el_3.500.png,clear_horizon
11_266_az_124.420_el_11.900.png,clear_horizon
11_275_az_207.110_el_3.500.png,clear_horizon
11_344_az_213.130_el_3.500.png,clear_horizon
11_433_az_219.110_el_3.500.png,clear_horizon
11_502_az_225.150_el_3.500.png,clear_horizon
11_515_az_142.410_el_11.900.png,clear_horizon
11_584_az_231.120_el_3.500.png,clear_horizon
11_595_az_148.390_el_11.900.png,clear_horizon
11_665_az_237.120_el_3.500.png,clear_horizon
11_744_az_243.120_el_3.500.png,clear_horizon
11_924_az_255.120_el_3.500.png,clear_horizon
12_017_az_261.110_el_3.500.png,clear_horizon
12_095_az_267.120_el_3.500.png,clear_horizon
12_160_az_273.110_el_3.500.png,clear_horizon
12_241_az_279.100_el_3.500.png,clear_horizon
12_323_az_285.130_el_3.500.png,clear_horizon
12_395_az_291.100_el_3.500.png,clear_horizon
12_411_az_28.610_el_3.500.png,clear_horizon
12_478_az_297.100_el_3.500.png,clear_horizon
12_503_az_34.610_el_3.500.png,clear_horizon
12_527_az_303.100_el_3.500.png,clear_horizon
12_570_az_40.590_el_3.500.png,clear_horizon
12_649_az_309.080_el_3.500.png,clear_horizon
12_658_az_46.610_el_3.500.png,clear_horizon
12_719_az_52.610_el_3.500.png,clear_horizon
12_721_az_315.110_el_3.500.png,clear_horizon
12_808_az_58.610_el_3.500.png,clear_horizon
12_816_az_321.090_el_3.500.png,clear_horizon
12_876_az_327.080_el_3.500.png,clear_horizon
12_892_az_64.610_el_3.500.png,clear_horizon
12_922_az_333.100_el_3.500.png,clear_horizon
12_968_az_70.600_el_3.500.png,clear_horizon
13_039_az_339.080_el_3.500.png,clear_horizon
13_053_az_76.630_el_3.500.png,clear_horizon
13_104_az_345.090_el_3.500.png,clear_horizon
13_131_az_82.630_el_3.500.png,clear_horizon
13_196_az_351.070_el_3.500.png,clear_horizon
13_214_az_88.620_el_3.500.png,clear_horizon
13_276_az_357.080_el_3.500.png,clear_horizon
13_309_az_94.640_el_3.500.png,clear_horizon
13_356_az_3.050_el_3.500.png,clear_horizon
13_368_az_100.610_el_3.500.png,clear_horizon
13_426_az_9.020_el_3.500.png,clear_horizon
13_459_az_106.660_el_3.500.png,clear_horizon
13_507_az_15.060_el_3.500.png,clear_horizon
13_530_az_112.650_el_3.500.png,clear_horizon
13_566_az_21.010_el_3.500.png,clear_horizon
13_615_az_118.650_el_3.500.png,clear_horizon
13_668_az_27.010_el_3.500.png,clear_horizon
13_690_az_124.660_el_3.500.png,clear_horizon
13_747_az_130.640_el_3.500.png,clear_horizon
13_764_az_33.040_el_3.500.png,clear_horizon
13_843_az_39.010_el_3.500.png,clear_horizon
13_862_az_136.680_el_3.500.png,clear_horizon
13_927_az_45.020_el_3.500.png,clear_horizon
13_942_az_142.670_el_3.500.png,clear_horizon
13_999_az_148.670_el_3.500.png,clear_horizon
14_021_az_51.010_el_3.500.png,clear_horizon
14_083_az_57.010_el_3.500.png,clear_horizon
14_091_az_154.690_el_3.500.png,clear_horizon
14_165_az_63.020_el_3.500.png,clear_horizon
14_173_az_160.660_el_3.500.png,clear_horizon
14_240_az_69.020_el_3.500.png,clear_horizon
14_330_az_172.680_el_3.500.png,clear_horizon
14_331_az_75.040_el_3.500.png,clear_horizon
14_413_az_81.030_el_3.500.png,clear_horizon
14_423_az_178.680_el_3.500.png,clear_horizon
14_480_az_184.690_el_3.500.png,clear_horizon
14_495_az_87.050_el_3.500.png,clear_horizon
14_566_az_93.040_el_3.500.png,clear_horizon
14_580_az_190.670_el_3.500.png,clear_horizon
14_652_az_196.690_el_3.500.png,clear_horizon
14_653_az_99.040_el_3.500.png,clear_horizon
14_724_az_202.700_el_3.500.png,clear_horizon
14_731_az_105.070_el_3.500.png,clear_horizon
14_795_az_111.030_el_3.500.png,clear_horizon
14_821_az_208.670_el_3.500.png,clear_horizon
14_892_az_214.690_el_3.500.png,clear_horizon
14_899_az_117.080_el_3.500.png,clear_horizon
14_971_az_220.690_el_3.500.png,clear_horizon
14_972_az_123.090_el_3.500.png,clear_horizon
15_042_az_129.060_el_3.500.png,clear_horizon
15_054_az_226.690_el_3.500.png,clear_horizon
15_098_az_135.080_el_3.500.png,clear_horizon
15_142_az_232.690_el_3.500.png,clear_horizon
15_200_az_141.070_el_3.500.png,clear_horizon
15_215_az_238.680_el_3.500.png,clear_horizon
15_253_az_147.090_el_3.500.png,clear_horizon
15_301_az_244.680_el_3.500.png,clear_horizon
15_359_az_153.100_el_3.500.png,clear_horizon
15_373_az_250.660_el_3.500.png,clear_horizon
15_429_az_159.080_el_3.500.png,clear_horizon
15_463_az_256.670_el_3.500.png,clear_horizon
15_509_az_165.090_el_3.500.png,clear_horizon
15_532_az_262.670_el_3.500.png,clear_horizon
15_609_az_171.080_el_3.500.png,clear_horizon
15_624_az_268.650_el_3.500.png,clear_horizon
15_668_az_94.390_el_11.900.png,clear_horizon
15_669_az_177.110_el_3.500.png,clear_horizon
15_691_az_274.690_el_3.500.png,clear_horizon
15_750_az_100.350_el_11.900.png,clear_horizon
15_764_az_183.110_el_3.500.png,clear_horizon
15_772_az_280.650_el_3.500.png,clear_horizon
15_846_az_106.360_el_11.900.png,clear_horizon
15_857_az_189.100_el_3.500.png,clear_horizon
15_873_az_286.660_el_3.500.png,clear_horizon
15_909_az_112.370_el_11.900.png,clear_horizon
15_933_az_292.670_el_3.500.png,clear_horizon
15_938_az_195.130_el_3.500.png,clear_horizon
15_995_az_118.340_el_11.900.png,clear_horizon
16_018_az_201.090_el_3.500.png,clear_horizon
16_018_az_298.640_el_3.500.png,clear_horizon
16_070_az_124.370_el_11.900.png,clear_horizon
16_076_az_207.120_el_3.500.png,clear_horizon
16_093_az_304.670_el_3.500.png,clear_horizon
16_149_az_310.650_el_3.500.png,clear_horizon
16_161_az_213.130_el_3.500.png,clear_horizon
16_245_az_219.100_el_3.500.png,clear_horizon
16_257_az_316.670_el_3.500.png,clear_horizon
16_323_az_142.370_el_11.900.png,clear_horizon
16_329_az_225.130_el_3.500.png,clear_horizon
16_345_az_322.670_el_3.500.png,clear_horizon
16_398_az_148.330_el_11.900.png,clear_horizon
16_420_az_328.630_el_3.500.png,clear_horizon
16_422_az_231.120_el_3.500.png,clear_horizon
16_486_az_237.110_el_3.500.png,clear_horizon
16_500_az_334.620_el_3.500.png,clear_horizon
16_574_az_340.610_el_3.500.png,clear_horizon
16_578_az_243.110_el_3.500.png,clear_horizon
16_665_az_346.630_el_3.500.png,clear_horizon
16_716_az_255.140_el_3.500.png,clear_horizon
16_722_az_352.620_el_3.500.png,clear_horizon
16_813_az_261.120_el_3.500.png,clear_horizon
16_819_az_358.590_el_3.500.png,clear_horizon
16_865_az_267.130_el_3.500.png,clear_horizon
16_891_az_4.610_el_3.500.png,clear_horizon
16_954_az_273.120_el_3.500.png,clear_horizon
16_983_az_10.570_el_3.500.png,clear_horizon
17_047_az_279.090_el_3.500.png,clear_horizon
17_064_az_16.600_el_3.500.png,clear_horizon
17_127_az_285.140_el_3.500.png,clear_horizon
17_148_az_22.600_el_3.500.png,clear_horizon
17_200_az_291.110_el_3.500.png,clear_horizon
17_222_az_28.570_el_3.500.png,clear_horizon
17_304_az_34.580_el_3.500.png,clear_horizon
17_353_az_303.120_el_3.500.png,clear_horizon
17_428_az_309.100_el_3.500.png,clear_horizon
17_512_az_315.130_el_3.500.png,clear_horizon
17_590_az_321.100_el_3.500.png,clear_horizon
17_668_az_327.090_el_3.500.png,clear_horizon
17_777_az_333.090_el_3.500.png,clear_horizon
17_842_az_339.080_el_3.500.png,clear_horizon
17_906_az_345.090_el_3.500.png,clear_horizon
18_009_az_351.040_el_3.500.png,clear_horizon
18_091_az_357.070_el_3.500.png,clear_horizon
18_153_az_100.580_el_3.500.png,clear_horizon
18_165_az_3.050_el_3.500.png,clear_horizon
18_253_az_9.040_el_3.500.png,clear_horizon
18_262_az_106.630_el_3.500.png,clear_horizon
18_324_az_15.070_el_3.500.png,clear_horizon
18_349_az_112.610_el_3.500.png,clear_horizon
18_398_az_21.010_el_3.500.png,clear_horizon
18_419_az_118.610_el_3.500.png,clear_horizon
18_484_az_27.030_el_3.500.png,clear_horizon
18_504_az_124.610_el_3.500.png,clear_horizon
18_561_az_33.030_el_3.500.png,clear_horizon
18_576_az_130.590_el_3.500.png,clear_horizon
18_651_az_38.990_el_3.500.png,clear_horizon
18_674_az_136.630_el_3.500.png,clear_horizon
18_714_az_45.030_el_3.500.png,clear_horizon
18_744_az_142.630_el_3.500.png,clear_horizon
18_814_az_148.630_el_3.500.png,clear_horizon
18_818_az_51.010_el_3.500.png,clear_horizon
18_883_az_57.010_el_3.500.png,clear_horizon
18_903_az_154.630_el_3.500.png,clear_horizon
18_952_az_63.020_el_3.500.png,clear_horizon
18_985_az_160.610_el_3.500.png,clear_horizon
19_046_az_69.020_el_3.500.png,clear_horizon
19_066_az_166.650_el_3.500.png,clear_horizon
19_109_az_75.020_el_3.500.png,clear_horizon
19_143_az_172.640_el_3.500.png,clear_horizon
19_211_az_81.010_el_3.500.png,clear_horizon
19_225_az_178.630_el_3.500.png,clear_horizon
19_281_az_87.070_el_3.500.png,clear_horizon
19_305_az_184.650_el_3.500.png,clear_horizon
19_364_az_93.050_el_3.500.png,clear_horizon
19_384_az_190.620_el_3.500.png,clear_horizon
19_449_az_99.040_el_3.500.png,clear_horizon
19_466_az_196.640_el_3.500.png,clear_horizon
19_509_az_105.070_el_3.500.png,clear_horizon
19_536_az_202.640_el_3.500.png,clear_horizon
19_602_az_111.040_el_3.500.png,clear_horizon
19_624_az_208.620_el_3.500.png,clear_horizon
19_695_az_117.080_el_3.500.png,clear_horizon
19_699_az_214.650_el_3.500.png,clear_horizon
19_760_az_123.090_el_3.500.png,clear_horizon
19_838_az_129.060_el_3.500.png,clear_horizon
19_914_az_135.100_el_3.500.png,clear_horizon
19_992_az_141.090_el_3.500.png,clear_horizon
20_086_az_147.100_el_3.500.png,clear_horizon
20_162_az_153.100_el_3.500.png,clear_horizon
20_234_az_159.090_el_3.500.png,clear_horizon
20_321_az_165.100_el_3.500.png,clear_horizon
20_395_az_171.090_el_3.500.png,clear_horizon
20_484_az_94.340_el_11.900.png,clear_horizon
20_485_az_177.120_el_3.500.png,clear_horizon
20_560_az_183.110_el_3.500.png,clear_horizon
20_565_az_100.300_el_11.900.png,clear_horizon
20_643_az_189.100_el_3.500.png,clear_horizon
20_645_az_106.310_el_11.900.png,clear_horizon
20_713_az_112.310_el_11.900.png,clear_horizon
20_724_az_195.130_el_3.500.png,clear_horizon
20_795_az_201.090_el_3.500.png,clear_horizon
20_798_az_118.290_el_11.900.png,clear_horizon
20_872_az_207.110_el_3.500.png,clear_horizon
20_885_az_124.300_el_11.900.png,clear_horizon
20_962_az_213.120_el_3.500.png,clear_horizon
21_045_az_219.100_el_3.500.png,clear_horizon
21_113_az_225.140_el_3.500.png,clear_horizon
21_119_az_142.300_el_11.900.png,clear_horizon
21_199_az_148.280_el_11.900.png,clear_horizon
21_202_az_231.120_el_3.500.png,clear_horizon
21_280_az_237.120_el_3.500.png,clear_horizon
21_349_az_243.120_el_3.500.png,clear_horizon
21_513_az_255.140_el_3.500.png,clear_horizon
21_597_az_261.120_el_3.500.png,clear_horizon
21_682_az_267.130_el_3.500.png,clear_horizon
21_762_az_273.110_el_3.500.png,clear_horizon
21_833_az_279.100_el_3.500.png,clear_horizon
21_926_az_285.140_el_3.500.png,clear_horizon
22_006_az_291.100_el_3.500.png,clear_horizon
22_167_az_303.120_el_3.500.png,clear_horizon
22_243_az_309.080_el_3.500.png,clear_horizon
22_315_az_315.110_el_3.500.png,clear_horizon
22_405_az_321.090_el_3.500.png,clear_horizon
22_483_az_327.080_el_3.500.png,clear_horizon
22_555_az_333.100_el_3.500.png,clear_horizon
22_624_az_339.070_el_3.500.png,clear_horizon
22_713_az_345.080_el_3.500.png,clear_horizon
22_802_az_351.040_el_3.500.png,clear_horizon
22_873_az_357.060_el_3.500.png,clear_horizon
22_950_az_3.050_el_3.500.png,clear_horizon
23_025_az_9.030_el_3.500.png,clear_horizon
23_111_az_15.080_el_3.500.png,clear_horizon
23_194_az_21.040_el_3.500.png,clear_horizon
23_287_az_27.060_el_3.500.png,clear_horizon
23_366_az_33.070_el_3.500.png,clear_horizon
23_445_az_39.020_el_3.500.png,clear_horizon
23_515_az_45.050_el_3.500.png,clear_horizon
23_602_az_51.040_el_3.500.png,clear_horizon
23_675_az_57.050_el_3.500.png,clear_horizon
23_763_az_63.060_el_3.500.png,clear_horizon
23_839_az_69.030_el_3.500.png,clear_horizon
23_927_az_75.020_el_3.500.png,clear_horizon
24_003_az_81.010_el_3.500.png,clear_horizon
24_086_az_87.040_el_3.500.png,clear_horizon
24_156_az_93.030_el_3.500.png,clear_horizon
24_235_az_99.030_el_3.500.png,clear_horizon
24_316_az_105.060_el_3.500.png,clear_horizon
24_407_az_111.030_el_3.500.png,clear_horizon
24_483_az_117.070_el_3.500.png,clear_horizon
24_569_az_123.080_el_3.500.png,clear_horizon
24_632_az_129.060_el_3.500.png,clear_horizon
24_730_az_135.100_el_3.500.png,clear_horizon
24_805_az_141.090_el_3.500.png,clear_horizon
24_872_az_147.100_el_3.500.png,clear_horizon
24_932_az_153.110_el_3.500.png,clear_horizon
25_051_az_159.100_el_3.500.png,clear_horizon
25_118_az_165.110_el_3.500.png,clear_horizon
25_204_az_171.090_el_3.500.png,clear_horizon
25_284_az_177.120_el_3.500.png,clear_horizon
25_358_az_183.110_el_3.500.png,clear_horizon
25_371_az_100.260_el_11.900.png,clear_horizon
25_434_az_189.100_el_3.500.png,clear_horizon
25_440_az_106.260_el_11.900.png,clear_horizon
25_528_az_195.140_el_3.500.png,clear_horizon
25_529_az_112.270_el_11.900.png,clear_horizon
25_607_az_201.100_el_3.500.png,clear_horizon
25_620_az_118.240_el_11.900.png,clear_horizon
25_677_az_207.110_el_3.500.png,clear_horizon
25_713_az_124.250_el_11.900.png,clear_horizon
25_772_az_213.140_el_3.500.png,clear_horizon
25_836_az_219.100_el_3.500.png,clear_horizon
25_923_az_225.140_el_3.500.png,clear_horizon
26_014_az_231.120_el_3.500.png,clear_horizon
26_076_az_237.130_el_3.500.png,clear_horizon
26_164_az_243.140_el_3.500.png,clear_horizon
26_318_az_255.150_el_3.500.png,clear_horizon
26_410_az_261.130_el_3.500.png,clear_horizon
26_474_az_267.140_el_3.500.png,clear_horizon
26_556_az_273.130_el_3.500.png,clear_horizon
26_648_az_279.110_el_3.500.png,clear_horizon
26_737_az_285.150_el_3.500.png,clear_horizon
26_807_az_291.120_el_3.500.png,clear_horizon
45_787_az_88.560_el_11.900.png,clear_horizon
45_894_az_94.520_el_11.900.png,clear_horizon
45_938_az_100.530_el_11.900.png,clear_horizon
46_018_az_106.540_el_11.900.png,clear_horizon
46_124_az_112.510_el_11.900.png,clear_horizon
46_188_az_118.520_el_11.900.png,clear_horizon
46_258_az_124.510_el_11.900.png,clear_horizon
46_351_az_130.520_el_11.900.png,clear_horizon
46_427_az_136.510_el_11.900.png,clear_horizon
47_455_az_41.010_el_3.500.png,clear_horizon
47_532_az_47.010_el_3.500.png,clear_horizon
47_614_az_53.000_el_3.500.png,clear_horizon
47_683_az_59.010_el_3.500.png,clear_horizon
47_764_az_64.990_el_3.500.png,clear_horizon
47_846_az_71.030_el_3.500.png,clear_horizon
47_925_az_77.010_el_3.500.png,clear_horizon
48_015_az_83.010_el_3.500.png,clear_horizon
48_087_az_89.020_el_3.500.png,clear_horizon
48_181_az_95.010_el_3.500.png,clear_horizon
48_248_az_101.040_el_3.500.png,clear_horizon
48_326_az_107.030_el_3.500.png,clear_horizon
48_415_az_113.040_el_3.500.png,clear_horizon
48_498_az_119.050_el_3.500.png,clear_horizon
48_555_az_125.030_el_3.500.png,clear_horizon
48_660_az_131.070_el_3.500.png,clear_horizon
48_734_az_137.070_el_3.500.png,clear_horizon
48_805_az_143.070_el_3.500.png,clear_horizon
49_112_az_167.100_el_3.500.png,clear_horizon
49_214_az_173.080_el_3.500.png,clear_horizon
49_294_az_179.110_el_3.500.png,clear_horizon
49_368_az_185.080_el_3.500.png,clear_horizon
49_465_az_191.100_el_3.500.png,clear_horizon
49_536_az_197.110_el_3.500.png,clear_horizon
49_618_az_203.090_el_3.500.png,clear_horizon
50_477_az_88.820_el_11.900.png,clear_horizon
50_557_az_94.790_el_11.900.png,clear_horizon
50_656_az_100.800_el_11.900.png,clear_horizon
50_714_az_106.810_el_11.900.png,clear_horizon
50_794_az_112.780_el_11.900.png,clear_horizon
50_877_az_118.800_el_11.900.png,clear_horizon
50_960_az_124.780_el_11.900.png,clear_horizon
51_034_az_130.790_el_11.900.png,clear_horizon
51_104_az_136.780_el_11.900.png,clear_horizon
51_193_az_142.770_el_11.900.png,clear_horizon
51_224_az_136.460_el_11.900.png,clear_horizon
51_302_az_142.450_el_11.900.png,clear_horizon
55_272_az_88.830_el_11.900.png,clear_horizon
55_356_az_94.780_el_11.900.png,clear_horizon
55_426_az_100.790_el_11.900.png,clear_horizon
55_438_az_98.840_el_11.900.png,clear_horizon
55_489_az_94.420_el_11.900.png,clear_horizon
55_508_az_106.800_el_11.900.png,clear_horizon
55_527_az_104.890_el_11.900.png,clear_horizon
55_550_az_100.440_el_11.900.png,clear_horizon
55_598_az_112.760_el_11.900.png,clear_horizon
55_608_az_110.860_el_11.900.png,clear_horizon
55_639_az_106.440_el_11.900.png,clear_horizon
55_689_az_116.850_el_11.900.png,clear_horizon
55_706_az_118.790_el_11.900.png,clear_horizon
55_721_az_112.410_el_11.900.png,clear_horizon
55_748_az_124.780_el_11.900.png,clear_horizon
55_762_az_122.860_el_11.900.png,clear_horizon
55_790_az_118.430_el_11.900.png,clear_horizon
55_828_az_130.780_el_11.900.png,clear_horizon
55_871_az_124.420_el_11.900.png,clear_horizon
55_909_az_136.790_el_11.900.png,clear_horizon
55_960_az_130.430_el_11.900.png,clear_horizon
55_987_az_142.780_el_11.900.png,clear_horizon
55_998_az_140.830_el_11.900.png,clear_horizon
56_032_az_136.430_el_11.900.png,clear_horizon
56_120_az_142.410_el_11.900.png,clear_horizon
00_008_az_88.920_el_28.400.png,clear_sky
00_016_az_351.500_el_20.500.png,clear_sky
00_027_az_234.950_el_11.900.png,clear_sky
00_059_az_94.930_el_28.400.png,clear_sky
00_068_az_4.530_el_11.900.png,clear_sky
00_082_az_273.230_el_20.500.png,clear_sky
00_105_az_357.540_el_20.500.png,clear_sky
00_114_az_240.940_el_11.900.png,clear_sky
00_137_az_100.910_el_28.400.png,clear_sky
00_147_az_10.510_el_11.900.png,clear_sky
00_164_az_279.210_el_20.500.png,clear_sky
00_176_az_3.490_el_20.500.png,clear_sky
00_186_az_246.940_el_11.900.png,clear_sky
00_216_az_16.530_el_11.900.png,clear_sky
00_226_az_106.930_el_28.400.png,clear_sky
00_249_az_285.230_el_20.500.png,clear_sky
00_254_az_252.940_el_11.900.png,clear_sky
00_268_az_9.500_el_20.500.png,clear_sky
00_296_az_112.940_el_28.400.png,clear_sky
00_306_az_22.540_el_11.900.png,clear_sky
00_319_az_291.240_el_20.500.png,clear_sky
00_337_az_15.520_el_20.500.png,clear_sky
00_348_az_258.950_el_11.900.png,clear_sky
00_377_az_297.220_el_20.500.png,clear_sky
00_387_az_28.520_el_11.900.png,clear_sky
00_400_az_118.920_el_28.400.png,clear_sky
00_402_az_21.470_el_20.500.png,clear_sky
00_424_az_264.960_el_11.900.png,clear_sky
00_459_az_34.530_el_11.900.png,clear_sky
00_468_az_124.930_el_28.400.png,clear_sky
00_492_az_303.230_el_20.500.png,clear_sky
00_496_az_27.500_el_20.500.png,clear_sky
00_496_az_270.930_el_11.900.png,clear_sky
00_538_az_130.920_el_28.400.png,clear_sky
00_548_az_40.520_el_11.900.png,clear_sky
00_571_az_309.220_el_20.500.png,clear_sky
00_575_az_33.480_el_20.500.png,clear_sky
00_601_az_276.980_el_11.900.png,clear_sky
00_617_az_136.920_el_28.400.png,clear_sky
00_627_az_46.520_el_11.900.png,clear_sky
00_635_az_39.480_el_20.500.png,clear_sky
00_636_az_315.220_el_20.500.png,clear_sky
00_697_az_52.530_el_11.900.png,clear_sky
00_707_az_142.930_el_28.400.png,clear_sky
00_730_az_321.230_el_20.500.png,clear_sky
00_738_az_45.490_el_20.500.png,clear_sky
00_741_az_288.960_el_11.900.png,clear_sky
00_776_az_58.520_el_11.900.png,clear_sky
00_786_az_148.920_el_28.400.png,clear_sky
00_808_az_327.220_el_20.500.png,clear_sky
00_825_az_295.010_el_11.900.png,clear_sky
00_826_az_51.480_el_20.500.png,clear_sky
00_858_az_154.940_el_28.400.png,clear_sky
00_868_az_64.540_el_11.900.png,clear_sky
00_881_az_333.240_el_20.500.png,clear_sky
00_896_az_57.480_el_20.500.png,clear_sky
00_898_az_300.980_el_11.900.png,clear_sky
00_942_az_70.510_el_11.900.png,clear_sky
00_951_az_160.910_el_28.400.png,clear_sky
00_974_az_339.210_el_20.500.png,clear_sky
00_978_az_306.980_el_11.900.png,clear_sky
00_987_az_63.460_el_20.500.png,clear_sky
01_016_az_76.530_el_11.900.png,clear_sky
01_025_az_166.930_el_28.400.png,clear_sky
01_049_az_345.230_el_20.500.png,clear_sky
01_066_az_313.000_el_11.900.png,clear_sky
01_067_az_69.470_el_20.500.png,clear_sky
01_095_az_172.920_el_28.400.png,clear_sky
01_106_az_82.520_el_11.900.png,clear_sky
01_119_az_351.220_el_20.500.png,clear_sky
01_146_az_318.980_el_11.900.png,clear_sky
01_151_az_75.450_el_20.500.png,clear_sky
01_178_az_178.890_el_28.400.png,clear_sky
01_187_az_88.490_el_11.900.png,clear_sky
01_201_az_357.190_el_20.500.png,clear_sky
01_226_az_81.420_el_20.500.png,clear_sky
01_227_az_325.010_el_11.900.png,clear_sky
01_267_az_184.930_el_28.400.png,clear_sky
01_290_az_3.230_el_20.500.png,clear_sky
01_296_az_331.000_el_11.900.png,clear_sky
01_311_az_87.440_el_20.500.png,clear_sky
01_336_az_190.900_el_28.400.png,clear_sky
01_359_az_9.200_el_20.500.png,clear_sky
01_364_az_93.410_el_20.500.png,clear_sky
01_377_az_337.010_el_11.900.png,clear_sky
01_412_az_196.910_el_28.400.png,clear_sky
01_422_az_15.210_el_20.500.png,clear_sky
01_460_az_343.000_el_11.900.png,clear_sky
01_467_az_99.450_el_20.500.png,clear_sky
01_496_az_202.930_el_28.400.png,clear_sky
01_519_az_21.230_el_20.500.png,clear_sky
01_539_az_348.990_el_11.900.png,clear_sky
01_540_az_105.430_el_20.500.png,clear_sky
01_585_az_208.890_el_28.400.png,clear_sky
01_609_az_27.190_el_20.500.png,clear_sky
01_629_az_355.020_el_11.900.png,clear_sky
01_663_az_214.900_el_28.400.png,clear_sky
01_686_az_33.200_el_20.500.png,clear_sky
01_712_az_0.970_el_11.900.png,clear_sky
01_749_az_220.900_el_28.400.png,clear_sky
01_773_az_39.200_el_20.500.png,clear_sky
01_778_az_7.000_el_11.900.png,clear_sky
01_791_az_123.390_el_20.500.png,clear_sky
01_832_az_226.880_el_28.400.png,clear_sky
01_855_az_45.180_el_20.500.png,clear_sky
01_856_az_129.420_el_20.500.png,clear_sky
01_866_az_13.000_el_11.900.png,clear_sky
01_897_az_232.880_el_28.400.png,clear_sky
01_921_az_51.180_el_20.500.png,clear_sky
01_939_az_135.410_el_20.500.png,clear_sky
01_948_az_18.970_el_11.900.png,clear_sky
01_975_az_57.180_el_20.500.png,clear_sky
01_997_az_238.880_el_28.400.png,clear_sky
02_014_az_141.420_el_20.500.png,clear_sky
02_030_az_25.020_el_11.900.png,clear_sky
02_058_az_244.890_el_28.400.png,clear_sky
02_067_az_154.490_el_11.900.png,clear_sky
02_074_az_147.420_el_20.500.png,clear_sky
02_081_az_63.190_el_20.500.png,clear_sky
02_104_az_31.000_el_11.900.png,clear_sky
02_145_az_250.840_el_28.400.png,clear_sky
02_154_az_160.440_el_11.900.png,clear_sky
02_167_az_69.140_el_20.500.png,clear_sky
02_187_az_36.990_el_11.900.png,clear_sky
02_188_az_153.410_el_20.500.png,clear_sky
02_228_az_256.870_el_28.400.png,clear_sky
02_237_az_166.470_el_11.900.png,clear_sky
02_251_az_75.170_el_20.500.png,clear_sky
02_270_az_159.450_el_20.500.png,clear_sky
02_270_az_43.010_el_11.900.png,clear_sky
02_297_az_172.450_el_11.900.png,clear_sky
02_307_az_81.150_el_20.500.png,clear_sky
02_331_az_262.850_el_28.400.png,clear_sky
02_351_az_48.990_el_11.900.png,clear_sky
02_354_az_165.430_el_20.500.png,clear_sky
02_378_az_268.830_el_28.400.png,clear_sky
02_387_az_178.430_el_11.900.png,clear_sky
02_401_az_87.130_el_20.500.png,clear_sky
02_427_az_171.440_el_20.500.png,clear_sky
02_429_az_55.020_el_11.900.png,clear_sky
02_462_az_274.870_el_28.400.png,clear_sky
02_471_az_184.470_el_11.900.png,clear_sky
02_481_az_93.170_el_20.500.png,clear_sky
02_495_az_177.430_el_20.500.png,clear_sky
02_507_az_61.010_el_11.900.png,clear_sky
02_539_az_280.820_el_28.400.png,clear_sky
02_548_az_190.420_el_11.900.png,clear_sky
02_561_az_99.120_el_20.500.png,clear_sky
02_590_az_183.410_el_20.500.png,clear_sky
02_618_az_196.430_el_11.900.png,clear_sky
02_627_az_286.830_el_28.400.png,clear_sky
02_651_az_105.130_el_20.500.png,clear_sky
02_657_az_189.460_el_20.500.png,clear_sky
02_698_az_292.840_el_28.400.png,clear_sky
02_708_az_202.440_el_11.900.png,clear_sky
02_721_az_111.140_el_20.500.png,clear_sky
02_752_az_195.460_el_20.500.png,clear_sky
02_784_az_298.800_el_28.400.png,clear_sky
02_794_az_208.400_el_11.900.png,clear_sky
02_807_az_117.100_el_20.500.png,clear_sky
02_833_az_201.450_el_20.500.png,clear_sky
02_857_az_214.430_el_11.900.png,clear_sky
02_867_az_304.830_el_28.400.png,clear_sky
02_891_az_123.130_el_20.500.png,clear_sky
02_899_az_207.460_el_20.500.png,clear_sky
02_940_az_310.810_el_28.400.png,clear_sky
02_951_az_220.410_el_11.900.png,clear_sky
02_964_az_129.110_el_20.500.png,clear_sky
02_977_az_213.450_el_20.500.png,clear_sky
03_018_az_226.430_el_11.900.png,clear_sky
03_028_az_316.830_el_28.400.png,clear_sky
03_041_az_135.130_el_20.500.png,clear_sky
03_070_az_219.490_el_20.500.png,clear_sky
03_096_az_322.820_el_28.400.png,clear_sky
03_106_az_232.420_el_11.900.png,clear_sky
03_119_az_141.120_el_20.500.png,clear_sky
03_148_az_225.480_el_20.500.png,clear_sky
03_178_az_328.810_el_28.400.png,clear_sky
03_188_az_238.410_el_11.900.png,clear_sky
03_197_az_147.110_el_20.500.png,clear_sky
03_216_az_231.470_el_20.500.png,clear_sky
03_268_az_334.800_el_28.400.png,clear_sky
03_278_az_244.400_el_11.900.png,clear_sky
03_296_az_237.480_el_20.500.png,clear_sky
03_301_az_153.100_el_20.500.png,clear_sky
03_339_az_250.400_el_11.900.png,clear_sky
03_351_az_340.800_el_28.400.png,clear_sky
03_374_az_159.100_el_20.500.png,clear_sky
03_396_az_243.470_el_20.500.png,clear_sky
03_429_az_346.820_el_28.400.png,clear_sky
03_442_az_256.420_el_11.900.png,clear_sky
03_451_az_165.120_el_20.500.png,clear_sky
03_462_az_249.510_el_20.500.png,clear_sky
03_497_az_171.110_el_20.500.png,clear_sky
03_507_az_262.410_el_11.900.png,clear_sky
03_520_az_352.810_el_28.400.png,clear_sky
03_551_az_255.490_el_20.500.png,clear_sky
03_579_az_358.800_el_28.400.png,clear_sky
03_588_az_268.400_el_11.900.png,clear_sky
03_601_az_177.100_el_20.500.png,clear_sky
03_637_az_261.490_el_20.500.png,clear_sky
03_657_az_4.810_el_28.400.png,clear_sky
03_667_az_274.410_el_11.900.png,clear_sky
03_677_az_183.110_el_20.500.png,clear_sky
03_729_az_267.500_el_20.500.png,clear_sky
03_740_az_280.390_el_11.900.png,clear_sky
03_750_az_189.090_el_20.500.png,clear_sky
03_773_az_10.790_el_28.400.png,clear_sky
03_811_az_273.480_el_20.500.png,clear_sky
03_818_az_16.840_el_28.400.png,clear_sky
03_828_az_286.440_el_11.900.png,clear_sky
03_837_az_195.140_el_20.500.png,clear_sky
03_863_az_279.510_el_20.500.png,clear_sky
03_899_az_22.840_el_28.400.png,clear_sky
03_910_az_292.440_el_11.900.png,clear_sky
03_923_az_201.140_el_20.500.png,clear_sky
03_953_az_285.520_el_20.500.png,clear_sky
03_983_az_28.830_el_28.400.png,clear_sky
03_993_az_298.430_el_11.900.png,clear_sky
04_006_az_207.130_el_20.500.png,clear_sky
04_054_az_291.490_el_20.500.png,clear_sky
04_060_az_304.450_el_11.900.png,clear_sky
04_070_az_34.850_el_28.400.png,clear_sky
04_093_az_213.150_el_20.500.png,clear_sky
04_114_az_297.520_el_20.500.png,clear_sky
04_139_az_40.830_el_28.400.png,clear_sky
04_150_az_310.430_el_11.900.png,clear_sky
04_160_az_219.130_el_20.500.png,clear_sky
04_187_az_303.510_el_20.500.png,clear_sky
04_218_az_316.460_el_11.900.png,clear_sky
04_228_az_46.860_el_28.400.png,clear_sky
04_251_az_225.160_el_20.500.png,clear_sky
04_284_az_309.510_el_20.500.png,clear_sky
04_298_az_322.470_el_11.900.png,clear_sky
04_308_az_52.870_el_28.400.png,clear_sky
04_331_az_231.170_el_20.500.png,clear_sky
04_355_az_315.510_el_20.500.png,clear_sky
04_382_az_237.170_el_20.500.png,clear_sky
04_392_az_328.470_el_11.900.png,clear_sky
04_405_az_58.870_el_28.400.png,clear_sky
04_419_az_321.510_el_20.500.png,clear_sky
04_460_az_334.470_el_11.900.png,clear_sky
04_469_az_243.170_el_20.500.png,clear_sky
04_483_az_64.870_el_28.400.png,clear_sky
04_511_az_327.510_el_20.500.png,clear_sky
04_540_az_249.160_el_20.500.png,clear_sky
04_549_az_340.460_el_11.900.png,clear_sky
04_562_az_70.860_el_28.400.png,clear_sky
04_598_az_333.500_el_20.500.png,clear_sky
04_620_az_346.500_el_11.900.png,clear_sky
04_630_az_76.900_el_28.400.png,clear_sky
04_653_az_255.200_el_20.500.png,clear_sky
04_677_az_339.530_el_20.500.png,clear_sky
04_701_az_352.480_el_11.900.png,clear_sky
04_710_az_82.880_el_28.400.png,clear_sky
04_733_az_261.180_el_20.500.png,clear_sky
04_760_az_345.520_el_20.500.png,clear_sky
04_780_az_358.470_el_11.900.png,clear_sky
04_789_az_88.870_el_28.400.png,clear_sky
04_812_az_267.170_el_20.500.png,clear_sky
04_821_az_234.870_el_11.900.png,clear_sky
04_851_az_351.500_el_20.500.png,clear_sky
04_861_az_4.490_el_11.900.png,clear_sky
04_870_az_94.890_el_28.400.png,clear_sky
04_893_az_273.190_el_20.500.png,clear_sky
04_911_az_240.880_el_11.900.png,clear_sky
04_923_az_357.540_el_20.500.png,clear_sky
04_948_az_100.860_el_28.400.png,clear_sky
04_960_az_3.490_el_20.500.png,clear_sky
04_973_az_279.160_el_20.500.png,clear_sky
04_991_az_246.890_el_11.900.png,clear_sky
05_020_az_16.490_el_11.900.png,clear_sky
05_029_az_106.890_el_28.400.png,clear_sky
05_052_az_285.190_el_20.500.png,clear_sky
05_073_az_252.890_el_11.900.png,clear_sky
05_076_az_9.520_el_20.500.png,clear_sky
05_099_az_22.500_el_11.900.png,clear_sky
05_108_az_112.900_el_28.400.png,clear_sky
05_131_az_291.200_el_20.500.png,clear_sky
05_143_az_15.530_el_20.500.png,clear_sky
05_155_az_258.920_el_11.900.png,clear_sky
05_179_az_28.480_el_11.900.png,clear_sky
05_189_az_118.880_el_28.400.png,clear_sky
05_212_az_297.180_el_20.500.png,clear_sky
05_232_az_264.910_el_11.900.png,clear_sky
05_239_az_21.480_el_20.500.png,clear_sky
05_259_az_34.490_el_11.900.png,clear_sky
05_269_az_124.890_el_28.400.png,clear_sky
05_292_az_303.190_el_20.500.png,clear_sky
05_302_az_270.890_el_11.900.png,clear_sky
05_329_az_27.520_el_20.500.png,clear_sky
05_341_az_40.480_el_11.900.png,clear_sky
05_351_az_130.880_el_28.400.png,clear_sky
05_364_az_309.180_el_20.500.png,clear_sky
05_380_az_276.940_el_11.900.png,clear_sky
05_389_az_33.500_el_20.500.png,clear_sky
05_422_az_136.880_el_28.400.png,clear_sky
05_432_az_46.480_el_11.900.png,clear_sky
05_445_az_315.180_el_20.500.png,clear_sky
05_462_az_39.490_el_20.500.png,clear_sky
05_501_az_52.480_el_11.900.png,clear_sky
05_511_az_142.880_el_28.400.png,clear_sky
05_534_az_321.180_el_20.500.png,clear_sky
05_568_az_45.500_el_20.500.png,clear_sky
05_582_az_58.460_el_11.900.png,clear_sky
05_592_az_148.860_el_28.400.png,clear_sky
05_605_az_327.160_el_20.500.png,clear_sky
05_621_az_294.950_el_11.900.png,clear_sky
05_636_az_51.470_el_20.500.png,clear_sky
05_662_az_64.470_el_11.900.png,clear_sky
05_672_az_154.870_el_28.400.png,clear_sky
05_695_az_333.170_el_20.500.png,clear_sky
05_711_az_300.910_el_11.900.png,clear_sky
05_726_az_57.480_el_20.500.png,clear_sky
05_742_az_70.450_el_11.900.png,clear_sky
05_751_az_160.850_el_28.400.png,clear_sky
05_774_az_339.150_el_20.500.png,clear_sky
05_779_az_63.460_el_20.500.png,clear_sky
05_798_az_306.940_el_11.900.png,clear_sky
05_821_az_166.870_el_28.400.png,clear_sky
05_844_az_345.170_el_20.500.png,clear_sky
05_847_az_69.480_el_20.500.png,clear_sky
05_853_az_76.470_el_11.900.png,clear_sky
05_870_az_312.950_el_11.900.png,clear_sky
05_901_az_172.870_el_28.400.png,clear_sky
05_911_az_82.470_el_11.900.png,clear_sky
05_934_az_351.170_el_20.500.png,clear_sky
05_940_az_75.460_el_20.500.png,clear_sky
05_952_az_318.920_el_11.900.png,clear_sky
05_984_az_178.850_el_28.400.png,clear_sky
05_994_az_88.450_el_11.900.png,clear_sky
06_007_az_357.150_el_20.500.png,clear_sky
06_022_az_324.950_el_11.900.png,clear_sky
06_023_az_81.440_el_20.500.png,clear_sky
06_072_az_184.890_el_28.400.png,clear_sky
06_081_az_94.490_el_11.900.png,clear_sky
06_103_az_87.470_el_20.500.png,clear_sky
06_113_az_330.940_el_11.900.png,clear_sky
06_140_az_190.860_el_28.400.png,clear_sky
06_166_az_9.160_el_20.500.png,clear_sky
06_183_az_93.430_el_20.500.png,clear_sky
06_184_az_336.960_el_11.900.png,clear_sky
06_222_az_196.860_el_28.400.png,clear_sky
06_245_az_15.160_el_20.500.png,clear_sky
06_270_az_99.450_el_20.500.png,clear_sky
06_279_az_342.970_el_11.900.png,clear_sky
06_301_az_21.190_el_20.500.png,clear_sky
06_324_az_202.890_el_28.400.png,clear_sky
06_353_az_348.940_el_11.900.png,clear_sky
06_355_az_105.440_el_20.500.png,clear_sky
06_385_az_208.840_el_28.400.png,clear_sky
06_408_az_27.140_el_20.500.png,clear_sky
06_432_az_111.420_el_20.500.png,clear_sky
06_433_az_354.970_el_11.900.png,clear_sky
06_459_az_214.860_el_28.400.png,clear_sky
06_482_az_33.160_el_20.500.png,clear_sky
06_496_az_117.430_el_20.500.png,clear_sky
06_500_az_0.940_el_11.900.png,clear_sky
06_545_az_39.150_el_20.500.png,clear_sky
06_569_az_220.850_el_28.400.png,clear_sky
06_593_az_6.960_el_11.900.png,clear_sky
06_597_az_123.390_el_20.500.png,clear_sky
06_628_az_226.850_el_28.400.png,clear_sky
06_652_az_45.150_el_20.500.png,clear_sky
06_663_az_12.960_el_11.900.png,clear_sky
06_663_az_129.420_el_20.500.png,clear_sky
06_710_az_232.850_el_28.400.png,clear_sky
06_723_az_51.150_el_20.500.png,clear_sky
06_741_az_135.420_el_20.500.png,clear_sky
06_755_az_18.930_el_11.900.png,clear_sky
06_785_az_238.830_el_28.400.png,clear_sky
06_808_az_57.130_el_20.500.png,clear_sky
06_820_az_24.990_el_11.900.png,clear_sky
06_821_az_141.400_el_20.500.png,clear_sky
06_870_az_244.840_el_28.400.png,clear_sky
06_880_az_154.440_el_11.900.png,clear_sky
06_893_az_63.140_el_20.500.png,clear_sky
06_902_az_30.960_el_11.900.png,clear_sky
06_916_az_147.410_el_20.500.png,clear_sky
06_939_az_160.400_el_11.900.png,clear_sky
06_948_az_250.800_el_28.400.png,clear_sky
06_982_az_153.390_el_20.500.png,clear_sky
06_986_az_36.950_el_11.900.png,clear_sky
07_023_az_166.410_el_11.900.png,clear_sky
07_033_az_256.810_el_28.400.png,clear_sky
07_056_az_75.110_el_20.500.png,clear_sky
07_064_az_159.420_el_20.500.png,clear_sky
07_072_az_42.960_el_11.900.png,clear_sky
07_102_az_81.100_el_20.500.png,clear_sky
07_111_az_172.400_el_11.900.png,clear_sky
07_121_az_262.800_el_28.400.png,clear_sky
07_144_az_48.940_el_11.900.png,clear_sky
07_149_az_165.420_el_20.500.png,clear_sky
07_181_az_268.790_el_28.400.png,clear_sky
07_191_az_178.390_el_11.900.png,clear_sky
07_207_az_171.430_el_20.500.png,clear_sky
07_214_az_87.090_el_20.500.png,clear_sky
07_235_az_54.970_el_11.900.png,clear_sky
07_260_az_184.410_el_11.900.png,clear_sky
07_270_az_274.810_el_28.400.png,clear_sky
07_296_az_93.110_el_20.500.png,clear_sky
07_302_az_60.960_el_11.900.png,clear_sky
07_303_az_177.450_el_20.500.png,clear_sky
07_341_az_190.380_el_11.900.png,clear_sky
07_351_az_280.780_el_28.400.png,clear_sky
07_364_az_99.080_el_20.500.png,clear_sky
07_395_az_66.970_el_11.900.png,clear_sky
07_397_az_183.430_el_20.500.png,clear_sky
07_422_az_286.800_el_28.400.png,clear_sky
07_432_az_196.400_el_11.900.png,clear_sky
07_445_az_105.100_el_20.500.png,clear_sky
07_458_az_189.470_el_20.500.png,clear_sky
07_481_az_72.960_el_11.900.png,clear_sky
07_500_az_292.780_el_28.400.png,clear_sky
07_510_az_202.380_el_11.900.png,clear_sky
07_520_az_111.080_el_20.500.png,clear_sky
07_555_az_78.950_el_11.900.png,clear_sky
07_556_az_195.470_el_20.500.png,clear_sky
07_583_az_298.750_el_28.400.png,clear_sky
07_593_az_208.350_el_11.900.png,clear_sky
07_606_az_117.050_el_20.500.png,clear_sky
07_622_az_201.450_el_20.500.png,clear_sky
07_622_az_84.990_el_11.900.png,clear_sky
07_663_az_304.760_el_28.400.png,clear_sky
07_672_az_123.060_el_20.500.png,clear_sky
07_686_az_214.360_el_11.900.png,clear_sky
07_703_az_207.470_el_20.500.png,clear_sky
07_716_az_90.940_el_11.900.png,clear_sky
07_746_az_220.330_el_11.900.png,clear_sky
07_756_az_310.730_el_28.400.png,clear_sky
07_779_az_129.030_el_20.500.png,clear_sky
07_785_az_213.460_el_20.500.png,clear_sky
07_786_az_96.960_el_11.900.png,clear_sky
07_824_az_226.350_el_11.900.png,clear_sky
07_833_az_316.750_el_28.400.png,clear_sky
07_847_az_135.050_el_20.500.png,clear_sky
07_865_az_219.480_el_20.500.png,clear_sky
07_900_az_232.360_el_11.900.png,clear_sky
07_910_az_322.760_el_28.400.png,clear_sky
07_933_az_141.060_el_20.500.png,clear_sky
07_955_az_225.470_el_20.500.png,clear_sky
07_987_az_328.740_el_28.400.png,clear_sky
08_011_az_147.040_el_20.500.png,clear_sky
08_021_az_238.340_el_11.900.png,clear_sky
08_033_az_231.470_el_20.500.png,clear_sky
08_061_az_334.770_el_28.400.png,clear_sky
08_070_az_244.370_el_11.900.png,clear_sky
08_084_az_153.070_el_20.500.png,clear_sky
08_089_az_237.470_el_20.500.png,clear_sky
08_145_az_340.750_el_28.400.png,clear_sky
08_155_az_250.350_el_11.900.png,clear_sky
08_159_az_243.460_el_20.500.png,clear_sky
08_170_az_159.050_el_20.500.png,clear_sky
08_223_az_256.380_el_11.900.png,clear_sky
08_233_az_165.080_el_20.500.png,clear_sky
08_256_az_346.780_el_28.400.png,clear_sky
08_274_az_249.510_el_20.500.png,clear_sky
08_302_az_352.770_el_28.400.png,clear_sky
08_312_az_262.370_el_11.900.png,clear_sky
08_325_az_171.070_el_20.500.png,clear_sky
08_354_az_255.500_el_20.500.png,clear_sky
08_384_az_358.760_el_28.400.png,clear_sky
08_393_az_268.360_el_11.900.png,clear_sky
08_407_az_177.060_el_20.500.png,clear_sky
08_432_az_261.490_el_20.500.png,clear_sky
08_463_az_4.770_el_28.400.png,clear_sky
08_472_az_274.370_el_11.900.png,clear_sky
08_486_az_183.070_el_20.500.png,clear_sky
08_515_az_267.510_el_20.500.png,clear_sky
08_542_az_280.340_el_11.900.png,clear_sky
08_552_az_189.040_el_20.500.png,clear_sky
08_560_az_273.480_el_20.500.png,clear_sky
08_575_az_10.740_el_28.400.png,clear_sky
08_585_az_156.910_el_11.900.png,clear_sky
08_623_az_195.100_el_20.500.png,clear_sky
08_639_az_279.520_el_20.500.png,clear_sky
08_647_az_16.800_el_28.400.png,clear_sky
08_656_az_286.400_el_11.900.png,clear_sky
08_705_az_292.390_el_11.900.png,clear_sky
08_714_az_201.090_el_20.500.png,clear_sky
08_738_az_22.790_el_28.400.png,clear_sky
08_754_az_285.530_el_20.500.png,clear_sky
08_785_az_28.790_el_28.400.png,clear_sky
08_795_az_298.390_el_11.900.png,clear_sky
08_808_az_207.090_el_20.500.png,clear_sky
08_835_az_291.500_el_20.500.png,clear_sky
08_871_az_34.810_el_28.400.png,clear_sky
08_881_az_304.410_el_11.900.png,clear_sky
08_896_az_213.110_el_20.500.png,clear_sky
08_920_az_297.520_el_20.500.png,clear_sky
08_942_az_310.380_el_11.900.png,clear_sky
08_952_az_40.780_el_28.400.png,clear_sky
08_976_az_219.080_el_20.500.png,clear_sky
08_996_az_303.510_el_20.500.png,clear_sky
09_022_az_46.810_el_28.400.png,clear_sky
09_032_az_316.410_el_11.900.png,clear_sky
09_045_az_225.110_el_20.500.png,clear_sky
09_074_az_309.510_el_20.500.png,clear_sky
09_105_az_52.810_el_28.400.png,clear_sky
09_114_az_322.410_el_11.900.png,clear_sky
09_128_az_231.110_el_20.500.png,clear_sky
09_159_az_315.520_el_20.500.png,clear_sky
09_183_az_58.810_el_28.400.png,clear_sky
09_193_az_328.410_el_11.900.png,clear_sky
09_206_az_237.110_el_20.500.png,clear_sky
09_222_az_321.510_el_20.500.png,clear_sky
09_267_az_64.810_el_28.400.png,clear_sky
09_277_az_334.410_el_11.900.png,clear_sky
09_290_az_243.110_el_20.500.png,clear_sky
09_318_az_327.530_el_20.500.png,clear_sky
09_343_az_249.110_el_20.500.png,clear_sky
09_352_az_340.410_el_11.900.png,clear_sky
09_366_az_70.810_el_28.400.png,clear_sky
09_382_az_333.500_el_20.500.png,clear_sky
09_422_az_76.840_el_28.400.png,clear_sky
09_432_az_346.440_el_11.900.png,clear_sky
09_445_az_255.140_el_20.500.png,clear_sky
09_481_az_339.520_el_20.500.png,clear_sky
09_510_az_352.440_el_11.900.png,clear_sky
09_520_az_82.840_el_28.400.png,clear_sky
09_542_az_345.520_el_20.500.png,clear_sky
09_543_az_261.140_el_20.500.png,clear_sky
09_581_az_358.420_el_11.900.png,clear_sky
09_591_az_267.120_el_20.500.png,clear_sky
09_614_az_88.820_el_28.400.png,clear_sky
09_625_az_234.870_el_11.900.png,clear_sky
09_634_az_351.500_el_20.500.png,clear_sky
09_666_az_4.440_el_11.900.png,clear_sky
09_675_az_94.840_el_28.400.png,clear_sky
09_699_az_273.140_el_20.500.png,clear_sky
09_711_az_240.840_el_11.900.png,clear_sky
09_715_az_357.530_el_20.500.png,clear_sky
09_742_az_100.820_el_28.400.png,clear_sky
09_752_az_10.420_el_11.900.png,clear_sky
09_765_az_279.120_el_20.500.png,clear_sky
09_784_az_246.860_el_11.900.png,clear_sky
09_790_az_3.490_el_20.500.png,clear_sky
09_822_az_106.840_el_28.400.png,clear_sky
09_832_az_16.440_el_11.900.png,clear_sky
09_845_az_285.140_el_20.500.png,clear_sky
09_872_az_9.500_el_20.500.png,clear_sky
09_879_az_252.850_el_11.900.png,clear_sky
09_912_az_22.440_el_11.900.png,clear_sky
09_921_az_112.840_el_28.400.png,clear_sky
09_939_az_15.510_el_20.500.png,clear_sky
09_946_az_291.140_el_20.500.png,clear_sky
09_957_az_258.850_el_11.900.png,clear_sky
09_982_az_28.420_el_11.900.png,clear_sky
09_994_az_118.820_el_28.400.png,clear_sky
10_017_az_297.120_el_20.500.png,clear_sky
10_037_az_21.480_el_20.500.png,clear_sky
10_045_az_264.860_el_11.900.png,clear_sky
10_061_az_34.450_el_11.900.png,clear_sky
10_071_az_124.850_el_28.400.png,clear_sky
10_096_az_303.150_el_20.500.png,clear_sky
10_105_az_27.500_el_20.500.png,clear_sky
10_145_az_130.830_el_28.400.png,clear_sky
10_158_az_40.430_el_11.900.png,clear_sky
10_168_az_309.130_el_20.500.png,clear_sky
10_188_az_33.490_el_20.500.png,clear_sky
10_225_az_46.430_el_11.900.png,clear_sky
10_235_az_136.830_el_28.400.png,clear_sky
10_248_az_315.130_el_20.500.png,clear_sky
10_266_az_39.500_el_20.500.png,clear_sky
10_303_az_142.840_el_28.400.png,clear_sky
10_326_az_321.140_el_20.500.png,clear_sky
10_334_az_45.500_el_20.500.png,clear_sky
10_336_az_52.440_el_11.900.png,clear_sky
10_350_az_288.870_el_11.900.png,clear_sky
10_387_az_148.820_el_28.400.png,clear_sky
10_412_az_327.120_el_20.500.png,clear_sky
10_422_az_58.420_el_11.900.png,clear_sky
10_424_az_51.480_el_20.500.png,clear_sky
10_426_az_294.910_el_11.900.png,clear_sky
10_464_az_64.440_el_11.900.png,clear_sky
10_474_az_154.840_el_28.400.png,clear_sky
10_497_az_333.140_el_20.500.png,clear_sky
10_508_az_300.870_el_11.900.png,clear_sky
10_517_az_57.460_el_20.500.png,clear_sky
10_544_az_160.820_el_28.400.png,clear_sky
10_555_az_70.420_el_11.900.png,clear_sky
10_565_az_339.120_el_20.500.png,clear_sky
10_584_az_63.430_el_20.500.png,clear_sky
10_601_az_306.880_el_11.900.png,clear_sky
10_625_az_166.840_el_28.400.png,clear_sky
10_634_az_76.440_el_11.900.png,clear_sky
10_647_az_345.140_el_20.500.png,clear_sky
10_676_az_69.470_el_20.500.png,clear_sky
10_679_az_312.900_el_11.900.png,clear_sky
10_708_az_82.420_el_11.900.png,clear_sky
10_718_az_172.820_el_28.400.png,clear_sky
10_742_az_351.120_el_20.500.png,clear_sky
10_755_az_318.880_el_11.900.png,clear_sky
10_756_az_75.460_el_20.500.png,clear_sky
10_782_az_178.800_el_28.400.png,clear_sky
10_792_az_88.400_el_11.900.png,clear_sky
10_805_az_357.100_el_20.500.png,clear_sky
10_829_az_324.890_el_11.900.png,clear_sky
10_839_az_81.440_el_20.500.png,clear_sky
10_876_az_184.840_el_28.400.png,clear_sky
10_899_az_3.140_el_20.500.png,clear_sky
10_910_az_330.890_el_11.900.png,clear_sky
10_920_az_87.460_el_20.500.png,clear_sky
10_945_az_190.780_el_28.400.png,clear_sky
10_964_az_9.080_el_20.500.png,clear_sky
10_972_az_93.410_el_20.500.png,clear_sky
10_999_az_336.900_el_11.900.png,clear_sky
11_026_az_196.790_el_28.400.png,clear_sky
11_048_az_15.090_el_20.500.png,clear_sky
11_064_az_342.900_el_11.900.png,clear_sky
11_083_az_99.450_el_20.500.png,clear_sky
11_111_az_202.810_el_28.400.png,clear_sky
11_122_az_105.460_el_20.500.png,clear_sky
11_133_az_21.110_el_20.500.png,clear_sky
11_159_az_348.910_el_11.900.png,clear_sky
11_183_az_208.780_el_28.400.png,clear_sky
11_216_az_27.080_el_20.500.png,clear_sky
11_226_az_111.430_el_20.500.png,clear_sky
11_249_az_354.930_el_11.900.png,clear_sky
11_275_az_214.820_el_28.400.png,clear_sky
11_302_az_33.120_el_20.500.png,clear_sky
11_305_az_0.890_el_11.900.png,clear_sky
11_305_az_117.430_el_20.500.png,clear_sky
11_344_az_130.400_el_11.900.png,clear_sky
11_354_az_220.800_el_28.400.png,clear_sky
11_377_az_39.100_el_20.500.png,clear_sky
11_397_az_6.910_el_11.900.png,clear_sky
11_404_az_123.420_el_20.500.png,clear_sky
11_425_az_226.810_el_28.400.png,clear_sky
11_438_az_136.410_el_11.900.png,clear_sky
11_447_az_45.110_el_20.500.png,clear_sky
11_475_az_12.920_el_11.900.png,clear_sky
11_477_az_129.420_el_20.500.png,clear_sky
11_505_az_51.110_el_20.500.png,clear_sky
11_528_az_232.810_el_28.400.png,clear_sky
11_556_az_135.420_el_20.500.png,clear_sky
11_556_az_18.890_el_11.900.png,clear_sky
11_585_az_238.790_el_28.400.png,clear_sky
11_603_az_141.410_el_20.500.png,clear_sky
11_619_az_57.090_el_20.500.png,clear_sky
11_635_az_24.930_el_11.900.png,clear_sky
11_665_az_154.400_el_11.900.png,clear_sky
11_675_az_244.800_el_28.400.png,clear_sky
11_689_az_63.100_el_20.500.png,clear_sky
11_707_az_147.410_el_20.500.png,clear_sky
11_718_az_30.920_el_11.900.png,clear_sky
11_745_az_250.750_el_28.400.png,clear_sky
11_755_az_160.350_el_11.900.png,clear_sky
11_767_az_69.050_el_20.500.png,clear_sky
11_784_az_153.410_el_20.500.png,clear_sky
11_796_az_36.910_el_11.900.png,clear_sky
11_827_az_256.780_el_28.400.png,clear_sky
11_837_az_166.380_el_11.900.png,clear_sky
11_845_az_159.450_el_20.500.png,clear_sky
11_850_az_75.080_el_20.500.png,clear_sky
11_875_az_42.930_el_11.900.png,clear_sky
11_908_az_172.360_el_11.900.png,clear_sky
11_918_az_262.760_el_28.400.png,clear_sky
11_923_az_165.440_el_20.500.png,clear_sky
11_941_az_81.060_el_20.500.png,clear_sky
11_957_az_48.910_el_11.900.png,clear_sky
11_987_az_178.350_el_11.900.png,clear_sky
11_997_az_268.750_el_28.400.png,clear_sky
12_006_az_171.440_el_20.500.png,clear_sky
12_021_az_87.050_el_20.500.png,clear_sky
12_029_az_54.920_el_11.900.png,clear_sky
12_073_az_274.760_el_28.400.png,clear_sky
12_083_az_184.360_el_11.900.png,clear_sky
12_096_az_93.060_el_20.500.png,clear_sky
12_106_az_60.920_el_11.900.png,clear_sky
12_114_az_177.450_el_20.500.png,clear_sky
12_145_az_190.320_el_11.900.png,clear_sky
12_159_az_280.720_el_28.400.png,clear_sky
12_178_az_99.020_el_20.500.png,clear_sky
12_183_az_183.430_el_20.500.png,clear_sky
12_198_az_66.920_el_11.900.png,clear_sky
12_225_az_196.350_el_11.900.png,clear_sky
12_234_az_286.750_el_28.400.png,clear_sky
12_257_az_105.050_el_20.500.png,clear_sky
12_265_az_72.900_el_11.900.png,clear_sky
12_273_az_189.470_el_20.500.png,clear_sky
12_312_az_202.340_el_11.900.png,clear_sky
12_321_az_292.740_el_28.400.png,clear_sky
12_345_az_111.040_el_20.500.png,clear_sky
12_350_az_195.460_el_20.500.png,clear_sky
12_357_az_78.890_el_11.900.png,clear_sky
12_387_az_208.310_el_11.900.png,clear_sky
12_397_az_117.010_el_20.500.png,clear_sky
12_420_az_298.710_el_28.400.png,clear_sky
12_423_az_201.460_el_20.500.png,clear_sky
12_441_az_84.950_el_11.900.png,clear_sky
12_471_az_304.710_el_28.400.png,clear_sky
12_480_az_214.310_el_11.900.png,clear_sky
12_494_az_123.010_el_20.500.png,clear_sky
12_519_az_207.470_el_20.500.png,clear_sky
12_525_az_90.910_el_11.900.png,clear_sky
12_547_az_220.290_el_11.900.png,clear_sky
12_557_az_310.690_el_28.400.png,clear_sky
12_580_az_128.990_el_20.500.png,clear_sky
12_601_az_213.440_el_20.500.png,clear_sky
12_603_az_96.930_el_11.900.png,clear_sky
12_626_az_316.710_el_28.400.png,clear_sky
12_636_az_226.310_el_11.900.png,clear_sky
12_649_az_135.010_el_20.500.png,clear_sky
12_666_az_102.920_el_11.900.png,clear_sky
12_667_az_219.480_el_20.500.png,clear_sky
12_709_az_322.710_el_28.400.png,clear_sky
12_733_az_141.010_el_20.500.png,clear_sky
12_742_az_232.310_el_11.900.png,clear_sky
12_748_az_225.490_el_20.500.png,clear_sky
12_761_az_108.880_el_11.900.png,clear_sky
12_785_az_238.310_el_11.900.png,clear_sky
12_795_az_147.010_el_20.500.png,clear_sky
12_818_az_328.710_el_28.400.png,clear_sky
12_830_az_231.480_el_20.500.png,clear_sky
12_869_az_244.310_el_11.900.png,clear_sky
12_879_az_334.710_el_28.400.png,clear_sky
12_883_az_237.490_el_20.500.png,clear_sky
12_902_az_153.010_el_20.500.png,clear_sky
12_945_az_250.300_el_11.900.png,clear_sky
12_955_az_159.000_el_20.500.png,clear_sky
12_978_az_340.700_el_28.400.png,clear_sky
12_992_az_243.480_el_20.500.png,clear_sky
13_030_az_256.330_el_11.900.png,clear_sky
13_040_az_346.730_el_28.400.png,clear_sky
13_063_az_165.030_el_20.500.png,clear_sky
13_079_az_249.510_el_20.500.png,clear_sky
13_108_az_352.730_el_28.400.png,clear_sky
13_118_az_262.330_el_11.900.png,clear_sky
13_141_az_171.030_el_20.500.png,clear_sky
13_158_az_255.500_el_20.500.png,clear_sky
13_191_az_268.320_el_11.900.png,clear_sky
13_201_az_358.720_el_28.400.png,clear_sky
13_224_az_177.020_el_20.500.png,clear_sky
13_237_az_261.500_el_20.500.png,clear_sky
13_277_az_4.740_el_28.400.png,clear_sky
13_286_az_274.340_el_11.900.png,clear_sky
13_300_az_183.040_el_20.500.png,clear_sky
13_319_az_267.520_el_20.500.png,clear_sky
13_345_az_280.310_el_11.900.png,clear_sky
13_355_az_10.710_el_28.400.png,clear_sky
13_379_az_189.010_el_20.500.png,clear_sky
13_391_az_156.860_el_11.900.png,clear_sky
13_396_az_273.480_el_20.500.png,clear_sky
13_427_az_195.060_el_20.500.png,clear_sky
13_436_az_286.360_el_11.900.png,clear_sky
13_450_az_16.760_el_28.400.png,clear_sky
13_466_az_279.520_el_20.500.png,clear_sky
13_507_az_22.750_el_28.400.png,clear_sky
13_516_az_292.350_el_11.900.png,clear_sky
13_540_az_201.050_el_20.500.png,clear_sky
13_561_az_285.530_el_20.500.png,clear_sky
13_591_az_298.350_el_11.900.png,clear_sky
13_601_az_207.050_el_20.500.png,clear_sky
13_604_az_291.500_el_20.500.png,clear_sky
13_625_az_28.750_el_28.400.png,clear_sky
13_667_az_304.360_el_11.900.png,clear_sky
13_677_az_34.760_el_28.400.png,clear_sky
13_699_az_213.060_el_20.500.png,clear_sky
13_704_az_297.540_el_20.500.png,clear_sky
13_758_az_40.740_el_28.400.png,clear_sky
13_772_az_310.340_el_11.900.png,clear_sky
13_781_az_219.040_el_20.500.png,clear_sky
13_786_az_303.520_el_20.500.png,clear_sky
13_830_az_46.780_el_28.400.png,clear_sky
13_839_az_316.380_el_11.900.png,clear_sky
13_852_az_225.080_el_20.500.png,clear_sky
13_868_az_309.520_el_20.500.png,clear_sky
13_910_az_52.770_el_28.400.png,clear_sky
13_920_az_322.370_el_11.900.png,clear_sky
13_933_az_231.070_el_20.500.png,clear_sky
13_945_az_315.530_el_20.500.png,clear_sky
13_989_az_58.770_el_28.400.png,clear_sky
14_009_az_237.070_el_20.500.png,clear_sky
14_022_az_328.370_el_11.900.png,clear_sky
14_031_az_321.510_el_20.500.png,clear_sky
14_068_az_64.790_el_28.400.png,clear_sky
14_078_az_334.390_el_11.900.png,clear_sky
14_101_az_243.090_el_20.500.png,clear_sky
14_121_az_327.530_el_20.500.png,clear_sky
14_150_az_70.760_el_28.400.png,clear_sky
14_160_az_340.360_el_11.900.png,clear_sky
14_182_az_249.060_el_20.500.png,clear_sky
14_200_az_333.510_el_20.500.png,clear_sky
14_228_az_76.800_el_28.400.png,clear_sky
14_237_az_346.400_el_11.900.png,clear_sky
14_250_az_255.100_el_20.500.png,clear_sky
14_279_az_339.540_el_20.500.png,clear_sky
14_307_az_352.380_el_11.900.png,clear_sky
14_316_az_82.780_el_28.400.png,clear_sky
14_340_az_261.080_el_20.500.png,clear_sky
14_357_az_345.530_el_20.500.png,clear_sky
14_390_az_88.780_el_28.400.png,clear_sky
14_400_az_358.380_el_11.900.png,clear_sky
14_414_az_267.080_el_20.500.png,clear_sky
14_441_az_234.800_el_11.900.png,clear_sky
14_441_az_351.500_el_20.500.png,clear_sky
14_470_az_94.790_el_28.400.png,clear_sky
14_494_az_273.090_el_20.500.png,clear_sky
14_504_az_4.390_el_11.900.png,clear_sky
14_510_az_240.790_el_11.900.png,clear_sky
14_524_az_357.540_el_20.500.png,clear_sky
14_548_az_100.770_el_28.400.png,clear_sky
14_558_az_10.370_el_11.900.png,clear_sky
14_571_az_279.070_el_20.500.png,clear_sky
14_588_az_246.810_el_11.900.png,clear_sky
14_600_az_3.490_el_20.500.png,clear_sky
14_629_az_16.390_el_11.900.png,clear_sky
14_639_az_106.790_el_28.400.png,clear_sky
14_662_az_285.090_el_20.500.png,clear_sky
14_679_az_252.800_el_11.900.png,clear_sky
14_682_az_9.520_el_20.500.png,clear_sky
14_714_az_112.800_el_28.400.png,clear_sky
14_738_az_291.100_el_20.500.png,clear_sky
14_748_az_22.400_el_11.900.png,clear_sky
14_760_az_15.530_el_20.500.png,clear_sky
14_761_az_258.820_el_11.900.png,clear_sky
14_788_az_118.770_el_28.400.png,clear_sky
14_798_az_28.370_el_11.900.png,clear_sky
14_811_az_297.070_el_20.500.png,clear_sky
14_829_az_21.500_el_20.500.png,clear_sky
14_841_az_264.820_el_11.900.png,clear_sky
14_869_az_34.390_el_11.900.png,clear_sky
14_879_az_124.790_el_28.400.png,clear_sky
14_902_az_303.090_el_20.500.png,clear_sky
14_912_az_27.530_el_20.500.png,clear_sky
14_948_az_40.390_el_11.900.png,clear_sky
14_958_az_130.790_el_28.400.png,clear_sky
14_981_az_309.090_el_20.500.png,clear_sky
15_000_az_33.510_el_20.500.png,clear_sky
15_031_az_46.390_el_11.900.png,clear_sky
15_041_az_136.790_el_28.400.png,clear_sky
15_064_az_315.090_el_20.500.png,clear_sky
15_068_az_39.500_el_20.500.png,clear_sky
15_079_az_282.850_el_11.900.png,clear_sky
15_109_az_142.790_el_28.400.png,clear_sky
15_119_az_52.390_el_11.900.png,clear_sky
15_132_az_321.090_el_20.500.png,clear_sky
15_160_az_288.820_el_11.900.png,clear_sky
15_167_az_45.500_el_20.500.png,clear_sky
15_191_az_58.380_el_11.900.png,clear_sky
15_201_az_148.780_el_28.400.png,clear_sky
15_225_az_327.080_el_20.500.png,clear_sky
15_230_az_51.480_el_20.500.png,clear_sky
15_240_az_294.860_el_11.900.png,clear_sky
15_269_az_154.780_el_28.400.png,clear_sky
15_279_az_64.380_el_11.900.png,clear_sky
15_292_az_333.080_el_20.500.png,clear_sky
15_313_az_300.840_el_11.900.png,clear_sky
15_323_az_57.490_el_20.500.png,clear_sky
15_350_az_70.360_el_11.900.png,clear_sky
15_360_az_160.760_el_28.400.png,clear_sky
15_381_az_63.450_el_20.500.png,clear_sky
15_383_az_339.060_el_20.500.png,clear_sky
15_401_az_306.850_el_11.900.png,clear_sky
15_429_az_166.770_el_28.400.png,clear_sky
15_439_az_76.370_el_11.900.png,clear_sky
15_453_az_345.070_el_20.500.png,clear_sky
15_465_az_69.470_el_20.500.png,clear_sky
15_479_az_312.870_el_11.900.png,clear_sky
15_512_az_172.770_el_28.400.png,clear_sky
15_542_az_351.070_el_20.500.png,clear_sky
15_548_az_75.460_el_20.500.png,clear_sky
15_562_az_318.850_el_11.900.png,clear_sky
15_592_az_178.750_el_28.400.png,clear_sky
15_615_az_357.050_el_20.500.png,clear_sky
15_643_az_324.860_el_11.900.png,clear_sky
15_643_az_81.440_el_20.500.png,clear_sky
15_678_az_184.790_el_28.400.png,clear_sky
15_701_az_3.090_el_20.500.png,clear_sky
15_713_az_87.470_el_20.500.png,clear_sky
15_724_az_330.850_el_11.900.png,clear_sky
15_759_az_190.750_el_28.400.png,clear_sky
15_782_az_9.050_el_20.500.png,clear_sky
15_802_az_336.850_el_11.900.png,clear_sky
15_804_az_93.440_el_20.500.png,clear_sky
15_836_az_196.760_el_28.400.png,clear_sky
15_848_az_99.460_el_20.500.png,clear_sky
15_861_az_15.060_el_20.500.png,clear_sky
15_880_az_342.850_el_11.900.png,clear_sky
15_919_az_202.770_el_28.400.png,clear_sky
15_939_az_105.460_el_20.500.png,clear_sky
15_943_az_21.070_el_20.500.png,clear_sky
15_958_az_348.850_el_11.900.png,clear_sky
16_005_az_208.740_el_28.400.png,clear_sky
16_029_az_27.040_el_20.500.png,clear_sky
16_030_az_111.430_el_20.500.png,clear_sky
16_050_az_354.870_el_11.900.png,clear_sky
16_080_az_33.070_el_20.500.png,clear_sky
16_104_az_214.770_el_28.400.png,clear_sky
16_122_az_117.440_el_20.500.png,clear_sky
16_139_az_0.830_el_11.900.png,clear_sky
16_160_az_220.750_el_28.400.png,clear_sky
16_183_az_39.050_el_20.500.png,clear_sky
16_191_az_123.410_el_20.500.png,clear_sky
16_193_az_6.870_el_11.900.png,clear_sky
16_234_az_45.070_el_20.500.png,clear_sky
16_264_az_129.450_el_20.500.png,clear_sky
16_267_az_226.770_el_28.400.png,clear_sky
16_278_az_12.880_el_11.900.png,clear_sky
16_311_az_232.770_el_28.400.png,clear_sky
16_332_az_51.070_el_20.500.png,clear_sky
16_339_az_135.450_el_20.500.png,clear_sky
16_363_az_18.860_el_11.900.png,clear_sky
16_388_az_238.730_el_28.400.png,clear_sky
16_411_az_57.030_el_20.500.png,clear_sky
16_442_az_24.900_el_11.900.png,clear_sky
16_444_az_141.430_el_20.500.png,clear_sky
16_468_az_244.720_el_28.400.png,clear_sky
16_491_az_63.020_el_20.500.png,clear_sky
16_511_az_30.870_el_11.900.png,clear_sky
16_521_az_147.430_el_20.500.png,clear_sky
16_551_az_250.710_el_28.400.png,clear_sky
16_584_az_69.010_el_20.500.png,clear_sky
16_601_az_153.410_el_20.500.png,clear_sky
16_615_az_36.870_el_11.900.png,clear_sky
16_631_az_256.730_el_28.400.png,clear_sky
16_655_az_75.030_el_20.500.png,clear_sky
16_670_az_159.440_el_20.500.png,clear_sky
16_691_az_42.890_el_11.900.png,clear_sky
16_711_az_262.720_el_28.400.png,clear_sky
16_732_az_81.020_el_20.500.png,clear_sky
16_753_az_165.430_el_20.500.png,clear_sky
16_763_az_48.860_el_11.900.png,clear_sky
16_788_az_268.690_el_28.400.png,clear_sky
16_810_az_86.990_el_20.500.png,clear_sky
16_840_az_54.890_el_11.900.png,clear_sky
16_841_az_171.420_el_20.500.png,clear_sky
16_882_az_274.710_el_28.400.png,clear_sky
16_900_az_177.460_el_20.500.png,clear_sky
16_905_az_93.010_el_20.500.png,clear_sky
16_925_az_60.880_el_11.900.png,clear_sky
16_961_az_280.670_el_28.400.png,clear_sky
16_974_az_98.970_el_20.500.png,clear_sky
17_000_az_183.440_el_20.500.png,clear_sky
17_003_az_66.880_el_11.900.png,clear_sky
17_032_az_286.700_el_28.400.png,clear_sky
17_055_az_105.000_el_20.500.png,clear_sky
17_070_az_189.480_el_20.500.png,clear_sky
17_078_az_72.870_el_11.900.png,clear_sky
17_115_az_292.700_el_28.400.png,clear_sky
17_138_az_111.000_el_20.500.png,clear_sky
17_151_az_195.480_el_20.500.png,clear_sky
17_163_az_78.870_el_11.900.png,clear_sky
17_190_az_298.670_el_28.400.png,clear_sky
17_210_az_116.970_el_20.500.png,clear_sky
17_232_az_201.470_el_20.500.png,clear_sky
17_247_az_84.910_el_11.900.png,clear_sky
17_271_az_122.980_el_20.500.png,clear_sky
17_294_az_304.680_el_28.400.png,clear_sky
17_332_az_207.480_el_20.500.png,clear_sky
17_349_az_90.870_el_11.900.png,clear_sky
17_358_az_310.670_el_28.400.png,clear_sky
17_382_az_128.970_el_20.500.png,clear_sky
17_392_az_213.460_el_20.500.png,clear_sky
17_414_az_96.900_el_11.900.png,clear_sky
17_443_az_316.690_el_28.400.png,clear_sky
17_459_az_134.990_el_20.500.png,clear_sky
17_472_az_219.490_el_20.500.png,clear_sky
17_521_az_322.670_el_28.400.png,clear_sky
17_544_az_140.970_el_20.500.png,clear_sky
17_552_az_225.500_el_20.500.png,clear_sky
17_593_az_328.660_el_28.400.png,clear_sky
17_613_az_146.960_el_20.500.png,clear_sky
17_630_az_231.500_el_20.500.png,clear_sky
17_673_az_334.650_el_28.400.png,clear_sky
17_696_az_152.950_el_20.500.png,clear_sky
17_714_az_237.500_el_20.500.png,clear_sky
17_751_az_340.650_el_28.400.png,clear_sky
17_773_az_158.950_el_20.500.png,clear_sky
17_793_az_243.490_el_20.500.png,clear_sky
17_834_az_346.690_el_28.400.png,clear_sky
17_857_az_164.990_el_20.500.png,clear_sky
17_875_az_249.530_el_20.500.png,clear_sky
17_916_az_352.680_el_28.400.png,clear_sky
17_939_az_170.980_el_20.500.png,clear_sky
17_960_az_255.520_el_20.500.png,clear_sky
17_995_az_176.980_el_20.500.png,clear_sky
18_015_az_358.680_el_28.400.png,clear_sky
18_038_az_261.510_el_20.500.png,clear_sky
18_076_az_4.680_el_28.400.png,clear_sky
18_098_az_182.980_el_20.500.png,clear_sky
18_124_az_267.540_el_20.500.png,clear_sky
18_164_az_10.680_el_28.400.png,clear_sky
18_187_az_188.980_el_20.500.png,clear_sky
18_191_az_273.500_el_20.500.png,clear_sky
18_233_az_16.730_el_28.400.png,clear_sky
18_250_az_279.530_el_20.500.png,clear_sky
18_252_az_195.030_el_20.500.png,clear_sky
18_321_az_22.710_el_28.400.png,clear_sky
18_340_az_201.010_el_20.500.png,clear_sky
18_340_az_285.530_el_20.500.png,clear_sky
18_406_az_28.710_el_28.400.png,clear_sky
18_429_az_207.010_el_20.500.png,clear_sky
18_429_az_291.510_el_20.500.png,clear_sky
18_472_az_34.710_el_28.400.png,clear_sky
18_495_az_213.010_el_20.500.png,clear_sky
18_527_az_297.530_el_20.500.png,clear_sky
18_563_az_40.690_el_28.400.png,clear_sky
18_586_az_218.990_el_20.500.png,clear_sky
18_588_az_227.220_el_28.400.png,clear_sky
18_596_az_303.520_el_20.500.png,clear_sky
18_611_az_45.520_el_20.500.png,clear_sky
18_641_az_46.730_el_28.400.png,clear_sky
18_653_az_233.220_el_28.400.png,clear_sky
18_661_az_309.520_el_20.500.png,clear_sky
18_665_az_225.030_el_20.500.png,clear_sky
18_677_az_51.520_el_20.500.png,clear_sky
18_713_az_52.730_el_28.400.png,clear_sky
18_730_az_315.530_el_20.500.png,clear_sky
18_732_az_231.030_el_20.500.png,clear_sky
18_733_az_239.200_el_28.400.png,clear_sky
18_756_az_57.500_el_20.500.png,clear_sky
18_801_az_58.730_el_28.400.png,clear_sky
18_812_az_321.520_el_20.500.png,clear_sky
18_823_az_245.220_el_28.400.png,clear_sky
18_824_az_237.030_el_20.500.png,clear_sky
18_846_az_63.520_el_20.500.png,clear_sky
18_872_az_64.730_el_28.400.png,clear_sky
18_894_az_243.030_el_20.500.png,clear_sky
18_900_az_327.530_el_20.500.png,clear_sky
18_904_az_251.190_el_28.400.png,clear_sky
18_929_az_69.490_el_20.500.png,clear_sky
18_953_az_70.710_el_28.400.png,clear_sky
18_973_az_257.200_el_28.400.png,clear_sky
18_975_az_249.010_el_20.500.png,clear_sky
18_993_az_333.520_el_20.500.png,clear_sky
18_993_az_75.500_el_20.500.png,clear_sky
19_034_az_76.750_el_28.400.png,clear_sky
19_050_az_339.540_el_20.500.png,clear_sky
19_053_az_255.050_el_20.500.png,clear_sky
19_057_az_81.480_el_20.500.png,clear_sky
19_080_az_263.180_el_28.400.png,clear_sky
19_111_az_82.740_el_28.400.png,clear_sky
19_129_az_345.520_el_20.500.png,clear_sky
19_133_az_261.040_el_20.500.png,clear_sky
19_146_az_269.150_el_28.400.png,clear_sky
19_171_az_87.450_el_20.500.png,clear_sky
19_192_az_88.730_el_28.400.png,clear_sky
19_212_az_267.030_el_20.500.png,clear_sky
19_216_az_275.190_el_28.400.png,clear_sky
19_232_az_234.830_el_11.900.png,clear_sky
19_232_az_351.500_el_20.500.png,clear_sky
19_235_az_93.490_el_20.500.png,clear_sky
19_273_az_94.750_el_28.400.png,clear_sky
19_296_az_273.050_el_20.500.png,clear_sky
19_303_az_99.440_el_20.500.png,clear_sky
19_314_az_357.530_el_20.500.png,clear_sky
19_324_az_240.820_el_11.900.png,clear_sky
19_326_az_281.140_el_28.400.png,clear_sky
19_352_az_100.720_el_28.400.png,clear_sky
19_375_az_279.020_el_20.500.png,clear_sky
19_380_az_3.510_el_20.500.png,clear_sky
19_385_az_287.150_el_28.400.png,clear_sky
19_404_az_246.830_el_11.900.png,clear_sky
19_409_az_105.450_el_20.500.png,clear_sky
19_434_az_106.740_el_28.400.png,clear_sky
19_449_az_9.510_el_20.500.png,clear_sky
19_457_az_285.040_el_20.500.png,clear_sky
19_469_az_293.160_el_28.400.png,clear_sky
19_478_az_252.840_el_11.900.png,clear_sky
19_492_az_111.460_el_20.500.png,clear_sky
19_523_az_112.740_el_28.400.png,clear_sky
19_544_az_117.440_el_20.500.png,clear_sky
19_546_az_291.040_el_20.500.png,clear_sky
19_552_az_15.510_el_20.500.png,clear_sky
19_564_az_258.850_el_11.900.png,clear_sky
19_567_az_299.140_el_28.400.png,clear_sky
19_592_az_118.720_el_28.400.png,clear_sky
19_615_az_297.020_el_20.500.png,clear_sky
19_626_az_305.180_el_28.400.png,clear_sky
19_633_az_21.490_el_20.500.png,clear_sky
19_645_az_264.860_el_11.900.png,clear_sky
19_654_az_123.480_el_20.500.png,clear_sky
19_685_az_303.050_el_20.500.png,clear_sky
19_702_az_129.470_el_20.500.png,clear_sky
19_709_az_124.750_el_28.400.png,clear_sky
19_724_az_27.520_el_20.500.png,clear_sky
19_724_az_270.840_el_11.900.png,clear_sky
19_726_az_311.170_el_28.400.png,clear_sky
19_761_az_130.730_el_28.400.png,clear_sky
19_776_az_317.160_el_28.400.png,clear_sky
19_781_az_33.510_el_20.500.png,clear_sky
19_785_az_309.030_el_20.500.png,clear_sky
19_819_az_135.460_el_20.500.png,clear_sky
19_855_az_136.730_el_28.400.png,clear_sky
19_861_az_39.500_el_20.500.png,clear_sky
19_875_az_323.180_el_28.400.png,clear_sky
19_878_az_315.030_el_20.500.png,clear_sky
19_907_az_141.480_el_20.500.png,clear_sky
19_913_az_142.740_el_28.400.png,clear_sky
19_936_az_321.040_el_20.500.png,clear_sky
19_942_az_329.170_el_28.400.png,clear_sky
19_968_az_288.860_el_11.900.png,clear_sky
19_971_az_45.510_el_20.500.png,clear_sky
19_976_az_147.470_el_20.500.png,clear_sky
19_994_az_148.720_el_28.400.png,clear_sky
20_017_az_327.020_el_20.500.png,clear_sky
20_034_az_51.490_el_20.500.png,clear_sky
20_035_az_335.160_el_28.400.png,clear_sky
20_053_az_294.900_el_11.900.png,clear_sky
20_067_az_153.460_el_20.500.png,clear_sky
20_078_az_154.730_el_28.400.png,clear_sky
20_091_az_57.490_el_20.500.png,clear_sky
20_102_az_333.030_el_20.500.png,clear_sky
20_112_az_341.160_el_28.400.png,clear_sky
20_147_az_159.460_el_20.500.png,clear_sky
20_153_az_160.710_el_28.400.png,clear_sky
20_157_az_300.880_el_11.900.png,clear_sky
20_175_az_339.010_el_20.500.png,clear_sky
20_185_az_347.190_el_28.400.png,clear_sky
20_205_az_63.460_el_20.500.png,clear_sky
20_209_az_306.890_el_11.900.png,clear_sky
20_220_az_165.490_el_20.500.png,clear_sky
20_234_az_166.740_el_28.400.png,clear_sky
20_257_az_345.040_el_20.500.png,clear_sky
20_268_az_353.190_el_28.400.png,clear_sky
20_276_az_312.900_el_11.900.png,clear_sky
20_283_az_171.490_el_20.500.png,clear_sky
20_289_az_69.480_el_20.500.png,clear_sky
20_318_az_172.720_el_28.400.png,clear_sky
20_340_az_351.020_el_20.500.png,clear_sky
20_351_az_359.180_el_28.400.png,clear_sky
20_352_az_75.470_el_20.500.png,clear_sky
20_355_az_318.890_el_11.900.png,clear_sky
20_363_az_177.480_el_20.500.png,clear_sky
20_391_az_178.710_el_28.400.png,clear_sky
20_415_az_357.010_el_20.500.png,clear_sky
20_415_az_5.210_el_28.400.png,clear_sky
20_436_az_183.510_el_20.500.png,clear_sky
20_444_az_81.460_el_20.500.png,clear_sky
20_450_az_324.900_el_11.900.png,clear_sky
20_474_az_3.040_el_20.500.png,clear_sky
20_493_az_87.470_el_20.500.png,clear_sky
20_495_az_11.180_el_28.400.png,clear_sky
20_497_az_184.740_el_28.400.png,clear_sky
20_517_az_189.480_el_20.500.png,clear_sky
20_546_az_330.890_el_11.900.png,clear_sky
20_554_az_190.700_el_28.400.png,clear_sky
20_578_az_9.000_el_20.500.png,clear_sky
20_588_az_17.220_el_28.400.png,clear_sky
20_607_az_93.440_el_20.500.png,clear_sky
20_612_az_195.520_el_20.500.png,clear_sky
20_636_az_196.710_el_28.400.png,clear_sky
20_636_az_336.910_el_11.900.png,clear_sky
20_660_az_15.010_el_20.500.png,clear_sky
20_668_az_201.520_el_20.500.png,clear_sky
20_687_az_99.460_el_20.500.png,clear_sky
20_691_az_23.220_el_28.400.png,clear_sky
20_708_az_342.910_el_11.900.png,clear_sky
20_723_az_21.010_el_20.500.png,clear_sky
20_744_az_29.200_el_28.400.png,clear_sky
20_746_az_202.710_el_28.400.png,clear_sky
20_754_az_348.910_el_11.900.png,clear_sky
20_756_az_105.450_el_20.500.png,clear_sky
20_768_az_207.500_el_20.500.png,clear_sky
20_808_az_26.990_el_20.500.png,clear_sky
20_826_az_35.210_el_28.400.png,clear_sky
20_830_az_208.690_el_28.400.png,clear_sky
20_838_az_111.450_el_20.500.png,clear_sky
20_856_az_213.510_el_20.500.png,clear_sky
20_856_az_354.930_el_11.900.png,clear_sky
20_875_az_214.700_el_28.400.png,clear_sky
20_895_az_41.200_el_28.400.png,clear_sky
20_898_az_33.000_el_20.500.png,clear_sky
20_915_az_0.900_el_11.900.png,clear_sky
20_916_az_117.440_el_20.500.png,clear_sky
20_916_az_219.500_el_20.500.png,clear_sky
20_964_az_220.680_el_28.400.png,clear_sky
20_974_az_47.230_el_28.400.png,clear_sky
20_988_az_38.980_el_20.500.png,clear_sky
20_995_az_6.940_el_11.900.png,clear_sky
20_998_az_225.530_el_20.500.png,clear_sky
21_007_az_123.420_el_20.500.png,clear_sky
21_037_az_226.690_el_28.400.png,clear_sky
21_060_az_44.990_el_20.500.png,clear_sky
21_070_az_53.240_el_28.400.png,clear_sky
21_076_az_129.440_el_20.500.png,clear_sky
21_077_az_12.930_el_11.900.png,clear_sky
21_106_az_231.540_el_20.500.png,clear_sky
21_128_az_232.700_el_28.400.png,clear_sky
21_141_az_59.220_el_28.400.png,clear_sky
21_151_az_51.000_el_20.500.png,clear_sky
21_155_az_18.890_el_11.900.png,clear_sky
21_163_az_135.440_el_20.500.png,clear_sky
21_174_az_237.520_el_20.500.png,clear_sky
21_209_az_238.680_el_28.400.png,clear_sky
21_232_az_56.980_el_20.500.png,clear_sky
21_235_az_65.240_el_28.400.png,clear_sky
21_246_az_24.950_el_11.900.png,clear_sky
21_247_az_141.430_el_20.500.png,clear_sky
21_267_az_243.540_el_20.500.png,clear_sky
21_275_az_244.690_el_28.400.png,clear_sky
21_295_az_147.440_el_20.500.png,clear_sky
21_298_az_62.990_el_20.500.png,clear_sky
21_299_az_71.220_el_28.400.png,clear_sky
21_314_az_30.920_el_11.900.png,clear_sky
21_331_az_249.520_el_20.500.png,clear_sky
21_355_az_250.660_el_28.400.png,clear_sky
21_389_az_68.960_el_20.500.png,clear_sky
21_396_az_255.550_el_20.500.png,clear_sky
21_406_az_36.930_el_11.900.png,clear_sky
21_413_az_153.420_el_20.500.png,clear_sky
21_427_az_77.250_el_28.400.png,clear_sky
21_436_az_74.980_el_20.500.png,clear_sky
21_455_az_256.680_el_28.400.png,clear_sky
21_456_az_83.240_el_28.400.png,clear_sky
21_481_az_261.540_el_20.500.png,clear_sky
21_487_az_159.460_el_20.500.png,clear_sky
21_489_az_42.950_el_11.900.png,clear_sky
21_533_az_262.670_el_28.400.png,clear_sky
21_536_az_89.230_el_28.400.png,clear_sky
21_556_az_80.970_el_20.500.png,clear_sky
21_557_az_165.450_el_20.500.png,clear_sky
21_557_az_267.530_el_20.500.png,clear_sky
21_557_az_48.910_el_11.900.png,clear_sky
21_605_az_268.640_el_28.400.png,clear_sky
21_620_az_95.270_el_28.400.png,clear_sky
21_628_az_86.940_el_20.500.png,clear_sky
21_642_az_273.570_el_20.500.png,clear_sky
21_646_az_54.950_el_11.900.png,clear_sky
21_648_az_171.450_el_20.500.png,clear_sky
21_673_az_274.660_el_28.400.png,clear_sky
21_697_az_92.960_el_20.500.png,clear_sky
21_706_az_101.240_el_28.400.png,clear_sky
21_714_az_177.450_el_20.500.png,clear_sky
21_730_az_279.540_el_20.500.png,clear_sky
21_739_az_60.930_el_11.900.png,clear_sky
21_767_az_280.640_el_28.400.png,clear_sky
21_786_az_285.550_el_20.500.png,clear_sky
21_791_az_98.940_el_20.500.png,clear_sky
21_793_az_66.940_el_11.900.png,clear_sky
21_799_az_183.440_el_20.500.png,clear_sky
21_810_az_107.250_el_28.400.png,clear_sky
21_846_az_286.630_el_28.400.png,clear_sky
21_856_az_113.270_el_28.400.png,clear_sky
21_869_az_104.930_el_20.500.png,clear_sky
21_879_az_291.570_el_20.500.png,clear_sky
21_888_az_189.480_el_20.500.png,clear_sky
21_890_az_72.930_el_11.900.png,clear_sky
21_925_az_292.630_el_28.400.png,clear_sky
21_935_az_119.230_el_28.400.png,clear_sky
21_948_az_110.930_el_20.500.png,clear_sky
21_952_az_195.480_el_20.500.png,clear_sky
21_960_az_78.930_el_11.900.png,clear_sky
21_963_az_297.530_el_20.500.png,clear_sky
22_015_az_298.610_el_28.400.png,clear_sky
22_022_az_125.250_el_28.400.png,clear_sky
22_028_az_116.910_el_20.500.png,clear_sky
22_049_az_84.970_el_11.900.png,clear_sky
22_051_az_201.460_el_20.500.png,clear_sky
22_053_az_303.550_el_20.500.png,clear_sky
22_086_az_304.610_el_28.400.png,clear_sky
22_101_az_207.480_el_20.500.png,clear_sky
22_109_az_122.910_el_20.500.png,clear_sky
22_111_az_131.240_el_28.400.png,clear_sky
22_144_az_309.540_el_20.500.png,clear_sky
22_156_az_128.890_el_20.500.png,clear_sky
22_158_az_90.940_el_11.900.png,clear_sky
22_178_az_137.230_el_28.400.png,clear_sky
22_178_az_310.590_el_28.400.png,clear_sky
22_196_az_96.950_el_11.900.png,clear_sky
22_201_az_213.460_el_20.500.png,clear_sky
22_212_az_315.530_el_20.500.png,clear_sky
22_246_az_316.620_el_28.400.png,clear_sky
22_258_az_143.230_el_28.400.png,clear_sky
22_270_az_134.920_el_20.500.png,clear_sky
22_276_az_219.490_el_20.500.png,clear_sky
22_282_az_321.530_el_20.500.png,clear_sky
22_291_az_102.950_el_11.900.png,clear_sky
22_315_az_322.610_el_28.400.png,clear_sky
22_334_az_140.910_el_20.500.png,clear_sky
22_334_az_225.500_el_20.500.png,clear_sky
22_347_az_149.220_el_28.400.png,clear_sky
22_371_az_327.520_el_20.500.png,clear_sky
22_396_az_328.610_el_28.400.png,clear_sky
22_419_az_146.910_el_20.500.png,clear_sky
22_429_az_333.540_el_20.500.png,clear_sky
22_440_az_231.490_el_20.500.png,clear_sky
22_448_az_155.240_el_28.400.png,clear_sky
22_486_az_334.610_el_28.400.png,clear_sky
22_498_az_161.220_el_28.400.png,clear_sky
22_510_az_152.910_el_20.500.png,clear_sky
22_523_az_237.500_el_20.500.png,clear_sky
22_533_az_339.520_el_20.500.png,clear_sky
22_554_az_340.600_el_28.400.png,clear_sky
22_576_az_243.500_el_20.500.png,clear_sky
22_577_az_158.900_el_20.500.png,clear_sky
22_593_az_167.240_el_28.400.png,clear_sky
22_627_az_345.540_el_20.500.png,clear_sky
22_636_az_346.640_el_28.400.png,clear_sky
22_659_az_164.940_el_20.500.png,clear_sky
22_667_az_351.530_el_20.500.png,clear_sky
22_691_az_173.230_el_28.400.png,clear_sky
22_692_az_249.530_el_20.500.png,clear_sky
22_718_az_352.620_el_28.400.png,clear_sky
22_738_az_179.210_el_28.400.png,clear_sky
22_741_az_170.920_el_20.500.png,clear_sky
22_753_az_255.520_el_20.500.png,clear_sky
22_761_az_357.510_el_20.500.png,clear_sky
22_795_az_358.610_el_28.400.png,clear_sky
22_818_az_176.910_el_20.500.png,clear_sky
22_830_az_185.260_el_28.400.png,clear_sky
22_837_az_261.500_el_20.500.png,clear_sky
22_854_az_3.560_el_20.500.png,clear_sky
22_888_az_4.620_el_28.400.png,clear_sky
22_908_az_191.230_el_28.400.png,clear_sky
22_911_az_182.920_el_20.500.png,clear_sky
22_921_az_9.530_el_20.500.png,clear_sky
22_929_az_267.520_el_20.500.png,clear_sky
22_966_az_10.610_el_28.400.png,clear_sky
22_980_az_197.230_el_28.400.png,clear_sky
22_989_az_188.910_el_20.500.png,clear_sky
22_997_az_273.490_el_20.500.png,clear_sky
23_004_az_15.530_el_20.500.png,clear_sky
23_053_az_16.680_el_28.400.png,clear_sky
23_058_az_203.240_el_28.400.png,clear_sky
23_066_az_194.980_el_20.500.png,clear_sky
23_078_az_279.520_el_20.500.png,clear_sky
23_082_az_21.540_el_20.500.png,clear_sky
23_127_az_200.960_el_20.500.png,clear_sky
23_145_az_285.530_el_20.500.png,clear_sky
23_150_az_22.660_el_28.400.png,clear_sky
23_153_az_27.510_el_20.500.png,clear_sky
23_186_az_209.210_el_28.400.png,clear_sky
23_194_az_206.970_el_20.500.png,clear_sky
23_217_az_28.670_el_28.400.png,clear_sky
23_233_az_33.550_el_20.500.png,clear_sky
23_238_az_291.500_el_20.500.png,clear_sky
23_252_az_215.250_el_28.400.png,clear_sky
23_278_az_34.680_el_28.400.png,clear_sky
23_300_az_212.980_el_20.500.png,clear_sky
23_319_az_221.230_el_28.400.png,clear_sky
23_320_az_297.540_el_20.500.png,clear_sky
23_350_az_39.530_el_20.500.png,clear_sky
23_357_az_40.670_el_28.400.png,clear_sky
23_381_az_218.970_el_20.500.png,clear_sky
23_390_az_227.230_el_28.400.png,clear_sky
23_393_az_303.530_el_20.500.png,clear_sky
23_424_az_45.530_el_20.500.png,clear_sky
23_441_az_46.690_el_28.400.png,clear_sky
23_464_az_224.990_el_20.500.png,clear_sky
23_472_az_233.220_el_28.400.png,clear_sky
23_480_az_309.520_el_20.500.png,clear_sky
23_507_az_51.520_el_20.500.png,clear_sky
23_519_az_52.680_el_28.400.png,clear_sky
23_541_az_230.980_el_20.500.png,clear_sky
23_541_az_57.510_el_20.500.png,clear_sky
23_568_az_315.520_el_20.500.png,clear_sky
23_576_az_239.210_el_28.400.png,clear_sky
23_597_az_58.680_el_28.400.png,clear_sky
23_620_az_236.980_el_20.500.png,clear_sky
23_638_az_245.220_el_28.400.png,clear_sky
23_641_az_321.520_el_20.500.png,clear_sky
23_658_az_63.520_el_20.500.png,clear_sky
23_677_az_64.670_el_28.400.png,clear_sky
23_699_az_251.200_el_28.400.png,clear_sky
23_711_az_242.970_el_20.500.png,clear_sky
23_717_az_327.530_el_20.500.png,clear_sky
23_721_az_69.500_el_20.500.png,clear_sky
23_769_az_70.670_el_28.400.png,clear_sky
23_788_az_257.200_el_28.400.png,clear_sky
23_791_az_248.970_el_20.500.png,clear_sky
23_802_az_75.500_el_20.500.png,clear_sky
23_812_az_333.510_el_20.500.png,clear_sky
23_852_az_76.710_el_28.400.png,clear_sky
23_871_az_263.180_el_28.400.png,clear_sky
23_875_az_255.010_el_20.500.png,clear_sky
23_889_az_339.530_el_20.500.png,clear_sky
23_895_az_81.480_el_20.500.png,clear_sky
23_915_az_82.690_el_28.400.png,clear_sky
23_934_az_345.530_el_20.500.png,clear_sky
23_938_az_260.990_el_20.500.png,clear_sky
23_939_az_269.140_el_28.400.png,clear_sky
23_963_az_87.440_el_20.500.png,clear_sky
24_000_az_88.690_el_28.400.png,clear_sky
24_019_az_266.990_el_20.500.png,clear_sky
24_028_az_93.500_el_20.500.png,clear_sky
24_048_az_351.520_el_20.500.png,clear_sky
24_052_az_275.200_el_28.400.png,clear_sky
24_086_az_94.700_el_28.400.png,clear_sky
24_100_az_281.180_el_28.400.png,clear_sky
24_110_az_273.000_el_20.500.png,clear_sky
24_133_az_99.480_el_20.500.png,clear_sky
24_136_az_357.560_el_20.500.png,clear_sky
24_165_az_100.670_el_28.400.png,clear_sky
24_188_az_278.970_el_20.500.png,clear_sky
24_192_az_287.180_el_28.400.png,clear_sky
24_194_az_3.520_el_20.500.png,clear_sky
24_217_az_105.480_el_20.500.png,clear_sky
24_241_az_106.700_el_28.400.png,clear_sky
24_259_az_293.190_el_28.400.png,clear_sky
24_266_az_285.000_el_20.500.png,clear_sky
24_278_az_111.490_el_20.500.png,clear_sky
24_290_az_9.530_el_20.500.png,clear_sky
24_321_az_112.700_el_28.400.png,clear_sky
24_345_az_291.000_el_20.500.png,clear_sky
24_351_az_299.160_el_28.400.png,clear_sky
24_369_az_15.530_el_20.500.png,clear_sky
24_383_az_117.460_el_20.500.png,clear_sky
24_397_az_118.680_el_28.400.png,clear_sky
24_419_az_296.980_el_20.500.png,clear_sky
24_431_az_305.190_el_28.400.png,clear_sky
24_442_az_21.500_el_20.500.png,clear_sky
24_451_az_123.490_el_20.500.png,clear_sky
24_476_az_124.700_el_28.400.png,clear_sky
24_498_az_303.000_el_20.500.png,clear_sky
24_509_az_129.460_el_20.500.png,clear_sky
24_530_az_27.540_el_20.500.png,clear_sky
24_533_az_311.160_el_28.400.png,clear_sky
24_568_az_130.690_el_28.400.png,clear_sky
24_588_az_317.150_el_28.400.png,clear_sky
24_591_az_308.990_el_20.500.png,clear_sky
24_610_az_135.450_el_20.500.png,clear_sky
24_615_az_33.510_el_20.500.png,clear_sky
24_651_az_136.690_el_28.400.png,clear_sky
24_658_az_323.160_el_28.400.png,clear_sky
24_674_az_314.990_el_20.500.png,clear_sky
24_681_az_141.460_el_20.500.png,clear_sky
24_719_az_142.690_el_28.400.png,clear_sky
24_742_az_320.990_el_20.500.png,clear_sky
24_743_az_329.140_el_28.400.png,clear_sky
24_765_az_147.440_el_20.500.png,clear_sky
24_773_az_45.510_el_20.500.png,clear_sky
24_810_az_148.680_el_28.400.png,clear_sky
24_820_az_335.160_el_28.400.png,clear_sky
24_823_az_326.980_el_20.500.png,clear_sky
24_843_az_153.460_el_20.500.png,clear_sky
24_851_az_51.500_el_20.500.png,clear_sky
24_886_az_154.690_el_28.400.png,clear_sky
24_896_az_57.520_el_20.500.png,clear_sky
24_902_az_341.130_el_28.400.png,clear_sky
24_909_az_332.990_el_20.500.png,clear_sky
24_925_az_159.430_el_20.500.png,clear_sky
24_962_az_160.660_el_28.400.png,clear_sky
24_982_az_347.150_el_28.400.png,clear_sky
24_985_az_338.960_el_20.500.png,clear_sky
24_996_az_63.470_el_20.500.png,clear_sky
25_006_az_165.450_el_20.500.png,clear_sky
25_049_az_166.690_el_28.400.png,clear_sky
25_065_az_171.440_el_20.500.png,clear_sky
25_073_az_344.990_el_20.500.png,clear_sky
25_081_az_69.500_el_20.500.png,clear_sky
25_088_az_353.140_el_28.400.png,clear_sky
25_129_az_172.680_el_28.400.png,clear_sky
25_152_az_350.980_el_20.500.png,clear_sky
25_155_az_359.150_el_28.400.png,clear_sky
25_178_az_177.450_el_20.500.png,clear_sky
25_209_az_178.660_el_28.400.png,clear_sky
25_232_az_183.480_el_20.500.png,clear_sky
25_232_az_356.960_el_20.500.png,clear_sky
25_249_az_81.470_el_20.500.png,clear_sky
25_255_az_5.180_el_28.400.png,clear_sky
25_279_az_184.690_el_28.400.png,clear_sky
25_296_az_87.480_el_20.500.png,clear_sky
25_298_az_2.990_el_20.500.png,clear_sky
25_310_az_11.160_el_28.400.png,clear_sky
25_333_az_189.460_el_20.500.png,clear_sky
25_362_az_190.660_el_28.400.png,clear_sky
25_378_az_17.210_el_28.400.png,clear_sky
25_385_az_8.960_el_20.500.png,clear_sky
25_398_az_195.510_el_20.500.png,clear_sky
25_408_az_93.440_el_20.500.png,clear_sky
25_450_az_196.660_el_28.400.png,clear_sky
25_470_az_201.530_el_20.500.png,clear_sky
25_474_az_14.960_el_20.500.png,clear_sky
25_482_az_99.470_el_20.500.png,clear_sky
25_493_az_23.230_el_28.400.png,clear_sky
25_520_az_202.670_el_28.400.png,clear_sky
25_538_az_207.510_el_20.500.png,clear_sky
25_539_az_20.970_el_20.500.png,clear_sky
25_561_az_105.460_el_20.500.png,clear_sky
25_561_az_29.210_el_28.400.png,clear_sky
25_610_az_208.640_el_28.400.png,clear_sky
25_631_az_35.230_el_28.400.png,clear_sky
25_633_az_26.940_el_20.500.png,clear_sky
25_641_az_111.440_el_20.500.png,clear_sky
25_654_az_213.530_el_20.500.png,clear_sky
25_679_az_214.650_el_28.400.png,clear_sky
25_698_az_41.220_el_28.400.png,clear_sky
25_703_az_32.950_el_20.500.png,clear_sky
25_720_az_117.450_el_20.500.png,clear_sky
25_721_az_219.520_el_20.500.png,clear_sky
25_731_az_0.970_el_11.900.png,clear_sky
25_768_az_220.640_el_28.400.png,clear_sky
25_785_az_47.230_el_28.400.png,clear_sky
25_793_az_38.940_el_20.500.png,clear_sky
25_808_az_225.530_el_20.500.png,clear_sky
25_810_az_6.990_el_11.900.png,clear_sky
25_812_az_123.440_el_20.500.png,clear_sky
25_849_az_226.650_el_28.400.png,clear_sky
25_861_az_53.230_el_28.400.png,clear_sky
25_872_az_44.950_el_20.500.png,clear_sky
25_884_az_231.530_el_20.500.png,clear_sky
25_890_az_13.000_el_11.900.png,clear_sky
25_892_az_129.470_el_20.500.png,clear_sky
25_918_az_232.650_el_28.400.png,clear_sky
25_942_az_50.950_el_20.500.png,clear_sky
25_953_az_59.230_el_28.400.png,clear_sky
25_964_az_18.970_el_11.900.png,clear_sky
25_975_az_135.460_el_20.500.png,clear_sky
25_977_az_237.530_el_20.500.png,clear_sky
26_007_az_238.630_el_28.400.png,clear_sky
26_024_az_65.240_el_28.400.png,clear_sky
26_031_az_56.930_el_20.500.png,clear_sky
26_041_az_25.010_el_11.900.png,clear_sky
26_046_az_243.540_el_20.500.png,clear_sky
26_053_az_141.440_el_20.500.png,clear_sky
26_089_az_244.640_el_28.400.png,clear_sky
26_099_az_71.220_el_28.400.png,clear_sky
26_113_az_62.940_el_20.500.png,clear_sky
26_122_az_249.520_el_20.500.png,clear_sky
26_125_az_147.420_el_20.500.png,clear_sky
26_131_az_30.990_el_11.900.png,clear_sky
26_161_az_250.600_el_28.400.png,clear_sky
26_183_az_68.900_el_20.500.png,clear_sky
26_185_az_255.560_el_20.500.png,clear_sky
26_207_az_77.260_el_28.400.png,clear_sky
26_209_az_36.990_el_11.900.png,clear_sky
26_210_az_153.410_el_20.500.png,clear_sky
26_250_az_256.620_el_28.400.png,clear_sky
26_271_az_83.250_el_28.400.png,clear_sky
26_274_az_74.920_el_20.500.png,clear_sky
26_285_az_159.440_el_20.500.png,clear_sky
26_291_az_43.000_el_11.900.png,clear_sky
26_295_az_261.550_el_20.500.png,clear_sky
26_329_az_80.910_el_20.500.png,clear_sky
26_341_az_89.230_el_28.400.png,clear_sky
26_353_az_262.610_el_28.400.png,clear_sky
26_361_az_48.980_el_11.900.png,clear_sky
26_362_az_267.530_el_20.500.png,clear_sky
26_372_az_165.420_el_20.500.png,clear_sky
26_397_az_268.580_el_28.400.png,clear_sky
26_418_az_86.880_el_20.500.png,clear_sky
26_420_az_273.560_el_20.500.png,clear_sky
26_440_az_95.260_el_28.400.png,clear_sky
26_452_az_171.440_el_20.500.png,clear_sky
26_452_az_55.000_el_11.900.png,clear_sky
26_481_az_274.600_el_28.400.png,clear_sky
26_500_az_279.520_el_20.500.png,clear_sky
26_501_az_92.900_el_20.500.png,clear_sky
26_508_az_177.460_el_20.500.png,clear_sky
26_523_az_101.220_el_28.400.png,clear_sky
26_532_az_60.990_el_11.900.png,clear_sky
26_561_az_280.570_el_28.400.png,clear_sky
26_585_az_98.870_el_20.500.png,clear_sky
26_586_az_285.550_el_20.500.png,clear_sky
26_604_az_67.010_el_11.900.png,clear_sky
26_608_az_107.250_el_28.400.png,clear_sky
26_611_az_183.440_el_20.500.png,clear_sky
26_655_az_286.590_el_28.400.png,clear_sky
26_671_az_291.570_el_20.500.png,clear_sky
26_684_az_189.490_el_20.500.png,clear_sky
26_689_az_104.890_el_20.500.png,clear_sky
26_690_az_73.000_el_11.900.png,clear_sky
26_694_az_113.270_el_28.400.png,clear_sky
26_743_az_292.580_el_28.400.png,clear_sky
26_751_az_119.240_el_28.400.png,clear_sky
26_767_az_110.880_el_20.500.png,clear_sky
26_771_az_78.980_el_11.900.png,clear_sky
26_773_az_195.480_el_20.500.png,clear_sky
26_778_az_297.540_el_20.500.png,clear_sky
26_821_az_303.560_el_20.500.png,clear_sky
26_825_az_298.570_el_28.400.png,clear_sky
26_843_az_125.260_el_28.400.png,clear_sky
26_848_az_116.870_el_20.500.png,clear_sky
26_853_az_85.040_el_11.900.png,clear_sky
26_856_az_201.480_el_20.500.png,clear_sky
26_905_az_304.580_el_28.400.png,clear_sky
26_912_az_131.260_el_28.400.png,clear_sky
26_921_az_90.990_el_11.900.png,clear_sky
26_928_az_122.880_el_20.500.png,clear_sky
26_931_az_207.480_el_20.500.png,clear_sky
26_935_az_309.560_el_20.500.png,clear_sky
26_983_az_137.250_el_28.400.png,clear_sky
26_987_az_128.850_el_20.500.png,clear_sky
27_007_az_315.550_el_20.500.png,clear_sky
27_010_az_97.010_el_11.900.png,clear_sky
27_011_az_310.550_el_28.400.png,clear_sky
27_017_az_213.450_el_20.500.png,clear_sky
27_047_az_316.590_el_28.400.png,clear_sky
27_062_az_143.250_el_28.400.png,clear_sky
27_081_az_134.890_el_20.500.png,clear_sky
27_091_az_219.500_el_20.500.png,clear_sky
27_095_az_321.550_el_20.500.png,clear_sky
27_141_az_322.590_el_28.400.png,clear_sky
27_158_az_327.540_el_20.500.png,clear_sky
27_174_az_225.490_el_20.500.png,clear_sky
27_176_az_149.240_el_28.400.png,clear_sky
27_178_az_140.890_el_20.500.png,clear_sky
27_206_az_328.570_el_28.400.png,clear_sky
27_222_az_155.260_el_28.400.png,clear_sky
27_241_az_146.870_el_20.500.png,clear_sky
27_241_az_231.490_el_20.500.png,clear_sky
27_246_az_333.560_el_20.500.png,clear_sky
27_294_az_334.580_el_28.400.png,clear_sky
27_300_az_339.540_el_20.500.png,clear_sky
27_320_az_152.880_el_20.500.png,clear_sky
27_320_az_161.240_el_28.400.png,clear_sky
27_371_az_340.570_el_28.400.png,clear_sky
27_391_az_167.260_el_28.400.png,clear_sky
27_394_az_158.870_el_20.500.png,clear_sky
27_405_az_345.560_el_20.500.png,clear_sky
27_412_az_243.490_el_20.500.png,clear_sky
27_440_az_164.910_el_20.500.png,clear_sky
27_463_az_351.530_el_20.500.png,clear_sky
27_464_az_346.610_el_28.400.png,clear_sky
27_479_az_249.530_el_20.500.png,clear_sky
27_486_az_173.230_el_28.400.png,clear_sky
27_521_az_352.590_el_28.400.png,clear_sky
27_542_az_179.210_el_28.400.png,clear_sky
27_544_az_170.890_el_20.500.png,clear_sky
27_564_az_357.510_el_20.500.png,clear_sky
27_577_az_255.510_el_20.500.png,clear_sky
27_618_az_358.600_el_28.400.png,clear_sky
27_638_az_3.560_el_20.500.png,clear_sky
27_647_az_185.260_el_28.400.png,clear_sky
27_651_az_176.900_el_20.500.png,clear_sky
27_652_az_261.510_el_20.500.png,clear_sky
27_687_az_4.600_el_28.400.png,clear_sky
27_704_az_9.500_el_20.500.png,clear_sky
27_725_az_182.900_el_20.500.png,clear_sky
27_726_az_191.200_el_28.400.png,clear_sky
27_733_az_267.520_el_20.500.png,clear_sky
27_766_az_10.580_el_28.400.png,clear_sky
27_782_az_197.210_el_28.400.png,clear_sky
27_794_az_188.880_el_20.500.png,clear_sky
27_805_az_15.510_el_20.500.png,clear_sky
27_807_az_273.500_el_20.500.png,clear_sky
27_868_az_16.620_el_28.400.png,clear_sky
27_872_az_203.230_el_28.400.png,clear_sky
27_891_az_194.920_el_20.500.png,clear_sky
27_895_az_21.530_el_20.500.png,clear_sky
27_899_az_279.520_el_20.500.png,clear_sky
27_925_az_22.610_el_28.400.png,clear_sky
27_954_az_27.500_el_20.500.png,clear_sky
27_960_az_200.910_el_20.500.png,clear_sky
27_973_az_285.530_el_20.500.png,clear_sky
27_978_az_209.200_el_28.400.png,clear_sky
28_006_az_28.610_el_28.400.png,clear_sky
28_020_az_291.510_el_20.500.png,clear_sky
28_031_az_215.240_el_28.400.png,clear_sky
28_038_az_206.910_el_20.500.png,clear_sky
28_056_az_33.540_el_20.500.png,clear_sky
28_104_az_34.630_el_28.400.png,clear_sky
28_112_az_221.220_el_28.400.png,clear_sky
28_123_az_297.540_el_20.500.png,clear_sky
28_124_az_212.930_el_20.500.png,clear_sky
28_136_az_39.520_el_20.500.png,clear_sky
28_166_az_40.610_el_28.400.png,clear_sky
28_182_az_227.200_el_28.400.png,clear_sky
28_185_az_218.910_el_20.500.png,clear_sky
28_205_az_45.500_el_20.500.png,clear_sky
28_207_az_303.530_el_20.500.png,clear_sky
28_243_az_46.650_el_28.400.png,clear_sky
28_264_az_233.200_el_28.400.png,clear_sky
28_267_az_224.950_el_20.500.png,clear_sky
28_294_az_309.540_el_20.500.png,clear_sky
28_297_az_51.500_el_20.500.png,clear_sky
28_322_az_52.640_el_28.400.png,clear_sky
28_342_az_230.940_el_20.500.png,clear_sky
28_346_az_239.180_el_28.400.png,clear_sky
28_365_az_315.540_el_20.500.png,clear_sky
28_375_az_57.480_el_20.500.png,clear_sky
28_417_az_58.630_el_28.400.png,clear_sky
28_430_az_321.530_el_20.500.png,clear_sky
28_436_az_245.200_el_28.400.png,clear_sky
28_454_az_236.930_el_20.500.png,clear_sky
28_459_az_63.500_el_20.500.png,clear_sky
28_494_az_64.640_el_28.400.png,clear_sky
28_504_az_251.190_el_28.400.png,clear_sky
28_524_az_327.540_el_20.500.png,clear_sky
28_526_az_242.940_el_20.500.png,clear_sky
28_527_az_69.490_el_20.500.png,clear_sky
28_561_az_70.630_el_28.400.png,clear_sky
28_579_az_333.520_el_20.500.png,clear_sky
28_583_az_257.200_el_28.400.png,clear_sky
28_596_az_248.930_el_20.500.png,clear_sky
28_606_az_75.500_el_20.500.png,clear_sky
28_653_az_76.660_el_28.400.png,clear_sky
28_659_az_339.540_el_20.500.png,clear_sky
28_663_az_81.480_el_20.500.png,clear_sky
28_686_az_263.180_el_28.400.png,clear_sky
28_694_az_254.960_el_20.500.png,clear_sky
28_740_az_345.530_el_20.500.png,clear_sky
28_740_az_82.650_el_28.400.png,clear_sky
28_743_az_269.150_el_28.400.png,clear_sky
28_767_az_87.450_el_20.500.png,clear_sky
28_776_az_260.950_el_20.500.png,clear_sky
28_821_az_88.640_el_28.400.png,clear_sky
28_833_az_93.490_el_20.500.png,clear_sky
28_853_az_351.520_el_20.500.png,clear_sky
28_856_az_266.940_el_20.500.png,clear_sky
28_857_az_275.190_el_28.400.png,clear_sky
28_881_az_94.660_el_28.400.png,clear_sky
28_904_az_99.450_el_20.500.png,clear_sky
28_908_az_272.960_el_20.500.png,clear_sky
28_923_az_357.560_el_20.500.png,clear_sky
28_927_az_281.150_el_28.400.png,clear_sky
28_974_az_100.620_el_28.400.png,clear_sky
28_994_az_105.450_el_20.500.png,clear_sky
29_000_az_278.920_el_20.500.png,clear_sky
29_003_az_3.520_el_20.500.png,clear_sky
29_014_az_287.150_el_28.400.png,clear_sky
29_042_az_284.950_el_20.500.png,clear_sky
29_067_az_293.170_el_28.400.png,clear_sky
29_072_az_106.650_el_28.400.png,clear_sky
29_091_az_111.470_el_20.500.png,clear_sky
29_098_az_9.530_el_20.500.png,clear_sky
29_135_az_112.640_el_28.400.png,clear_sky
29_144_az_299.140_el_28.400.png,clear_sky
29_149_az_15.540_el_20.500.png,clear_sky
29_159_az_290.940_el_20.500.png,clear_sky
29_169_az_117.440_el_20.500.png,clear_sky
29_213_az_296.930_el_20.500.png,clear_sky
29_233_az_123.460_el_20.500.png,clear_sky
29_238_az_118.630_el_28.400.png,clear_sky
29_239_az_21.510_el_20.500.png,clear_sky
29_256_az_305.160_el_28.400.png,clear_sky
29_283_az_124.660_el_28.400.png,clear_sky
29_303_az_302.960_el_20.500.png,clear_sky
29_315_az_129.440_el_20.500.png,clear_sky
29_328_az_311.140_el_28.400.png,clear_sky
29_333_az_27.540_el_20.500.png,clear_sky
29_363_az_130.640_el_28.400.png,clear_sky
29_385_az_317.140_el_28.400.png,clear_sky
29_386_az_308.940_el_20.500.png,clear_sky
29_397_az_33.520_el_20.500.png,clear_sky
29_404_az_135.440_el_20.500.png,clear_sky
29_444_az_136.640_el_28.400.png,clear_sky
29_464_az_323.140_el_28.400.png,clear_sky
29_467_az_314.940_el_20.500.png,clear_sky
29_486_az_39.500_el_20.500.png,clear_sky
29_488_az_141.440_el_20.500.png,clear_sky
29_534_az_142.640_el_28.400.png,clear_sky
29_544_az_147.430_el_20.500.png,clear_sky
29_552_az_45.510_el_20.500.png,clear_sky
29_558_az_320.940_el_20.500.png,clear_sky
29_573_az_329.130_el_28.400.png,clear_sky
29_604_az_326.920_el_20.500.png,clear_sky
29_626_az_153.440_el_20.500.png,clear_sky
29_639_az_148.620_el_28.400.png,clear_sky
29_648_az_335.140_el_28.400.png,clear_sky
29_648_az_51.500_el_20.500.png,clear_sky
29_704_az_332.930_el_20.500.png,clear_sky
29_710_az_57.500_el_20.500.png,clear_sky
29_717_az_341.110_el_28.400.png,clear_sky
29_739_az_154.630_el_28.400.png,clear_sky
29_740_az_159.410_el_20.500.png,clear_sky
29_777_az_160.610_el_28.400.png,clear_sky
29_796_az_347.150_el_28.400.png,clear_sky
29_798_az_338.910_el_20.500.png,clear_sky
29_799_az_63.480_el_20.500.png,clear_sky
29_819_az_165.450_el_20.500.png,clear_sky
29_844_az_166.630_el_28.400.png,clear_sky
29_875_az_353.150_el_28.400.png,clear_sky
29_879_az_344.930_el_20.500.png,clear_sky
29_882_az_69.490_el_20.500.png,clear_sky
29_898_az_171.450_el_20.500.png,clear_sky
29_921_az_350.930_el_20.500.png,clear_sky
29_948_az_172.630_el_28.400.png,clear_sky
29_955_az_177.440_el_20.500.png,clear_sky
29_967_az_75.480_el_20.500.png,clear_sky
29_978_az_359.140_el_28.400.png,clear_sky
30_008_az_356.910_el_20.500.png,clear_sky
30_029_az_178.610_el_28.400.png,clear_sky
30_036_az_5.160_el_28.400.png,clear_sky
30_049_az_81.460_el_20.500.png,clear_sky
30_059_az_183.460_el_20.500.png,clear_sky
30_086_az_184.630_el_28.400.png,clear_sky
30_104_az_189.450_el_20.500.png,clear_sky
30_121_az_2.930_el_20.500.png,clear_sky
30_127_az_11.150_el_28.400.png,clear_sky
30_135_az_87.470_el_20.500.png,clear_sky
30_175_az_190.600_el_28.400.png,clear_sky
30_190_az_93.430_el_20.500.png,clear_sky
30_198_az_17.180_el_28.400.png,clear_sky
30_200_az_8.900_el_20.500.png,clear_sky
30_221_az_195.480_el_20.500.png,clear_sky
30_255_az_196.620_el_28.400.png,clear_sky
30_264_az_23.190_el_28.400.png,clear_sky
30_279_az_14.920_el_20.500.png,clear_sky
30_285_az_99.440_el_20.500.png,clear_sky
30_287_az_201.490_el_20.500.png,clear_sky
30_323_az_20.920_el_20.500.png,clear_sky
30_347_az_202.620_el_28.400.png,clear_sky
30_356_az_29.180_el_28.400.png,clear_sky
30_366_az_105.440_el_20.500.png,clear_sky
30_379_az_207.480_el_20.500.png,clear_sky
30_403_az_208.590_el_28.400.png,clear_sky
30_424_az_35.200_el_28.400.png,clear_sky
30_427_az_26.890_el_20.500.png,clear_sky
30_444_az_111.440_el_20.500.png,clear_sky
30_447_az_213.500_el_20.500.png,clear_sky
30_491_az_32.920_el_20.500.png,clear_sky
30_515_az_214.620_el_28.400.png,clear_sky
30_517_az_41.180_el_28.400.png,clear_sky
30_535_az_117.450_el_20.500.png,clear_sky
30_540_az_219.480_el_20.500.png,clear_sky
30_565_az_220.590_el_28.400.png,clear_sky
30_587_az_47.210_el_28.400.png,clear_sky
30_588_az_38.890_el_20.500.png,clear_sky
30_606_az_225.510_el_20.500.png,clear_sky
30_615_az_123.430_el_20.500.png,clear_sky
30_644_az_226.610_el_28.400.png,clear_sky
30_666_az_53.220_el_28.400.png,clear_sky
30_667_az_44.910_el_20.500.png,clear_sky
30_680_az_129.450_el_20.500.png,clear_sky
30_688_az_231.520_el_20.500.png,clear_sky
30_721_az_232.620_el_28.400.png,clear_sky
30_744_az_50.920_el_20.500.png,clear_sky
30_746_az_59.220_el_28.400.png,clear_sky
30_768_az_237.520_el_20.500.png,clear_sky
30_774_az_135.470_el_20.500.png,clear_sky
30_803_az_238.590_el_28.400.png,clear_sky
30_826_az_56.890_el_20.500.png,clear_sky
30_838_az_65.220_el_28.400.png,clear_sky
30_843_az_141.450_el_20.500.png,clear_sky
30_861_az_243.520_el_20.500.png,clear_sky
30_897_az_244.600_el_28.400.png,clear_sky
30_908_az_71.210_el_28.400.png,clear_sky
30_920_az_62.900_el_20.500.png,clear_sky
30_927_az_249.510_el_20.500.png,clear_sky
30_940_az_147.460_el_20.500.png,clear_sky
30_975_az_250.550_el_28.400.png,clear_sky
30_996_az_77.240_el_28.400.png,clear_sky
30_999_az_68.850_el_20.500.png,clear_sky
31_018_az_153.430_el_20.500.png,clear_sky
31_019_az_255.540_el_20.500.png,clear_sky
31_057_az_74.870_el_20.500.png,clear_sky
31_065_az_83.230_el_28.400.png,clear_sky
31_067_az_256.570_el_28.400.png,clear_sky
31_088_az_261.530_el_20.500.png,clear_sky
31_094_az_159.460_el_20.500.png,clear_sky
31_135_az_262.560_el_28.400.png,clear_sky
31_158_az_80.860_el_20.500.png,clear_sky
31_159_az_89.210_el_28.400.png,clear_sky
31_183_az_267.510_el_20.500.png,clear_sky
31_186_az_165.440_el_20.500.png,clear_sky
31_239_az_95.250_el_28.400.png,clear_sky
31_255_az_171.450_el_20.500.png,clear_sky
31_261_az_273.550_el_20.500.png,clear_sky
31_310_az_101.200_el_28.400.png,clear_sky
31_335_az_177.450_el_20.500.png,clear_sky
31_336_az_279.500_el_20.500.png,clear_sky
31_395_az_183.430_el_20.500.png,clear_sky
31_397_az_285.520_el_20.500.png,clear_sky
31_420_az_107.220_el_28.400.png,clear_sky
31_466_az_113.230_el_28.400.png,clear_sky
31_482_az_189.470_el_20.500.png,clear_sky
31_490_az_291.530_el_20.500.png,clear_sky
31_550_az_119.200_el_28.400.png,clear_sky
31_561_az_195.470_el_20.500.png,clear_sky
31_573_az_297.500_el_20.500.png,clear_sky
31_625_az_125.240_el_28.400.png,clear_sky
31_646_az_201.460_el_20.500.png,clear_sky
31_647_az_303.540_el_20.500.png,clear_sky
31_710_az_131.230_el_28.400.png,clear_sky
31_725_az_207.490_el_20.500.png,clear_sky
31_732_az_309.530_el_20.500.png,clear_sky
31_796_az_137.210_el_28.400.png,clear_sky
31_814_az_213.470_el_20.500.png,clear_sky
31_819_az_315.510_el_20.500.png,clear_sky
31_868_az_321.520_el_20.500.png,clear_sky
31_897_az_143.220_el_28.400.png,clear_sky
31_903_az_219.500_el_20.500.png,clear_sky
31_947_az_327.510_el_20.500.png,clear_sky
31_968_az_225.510_el_20.500.png,clear_sky
31_969_az_149.210_el_28.400.png,clear_sky
32_027_az_333.520_el_20.500.png,clear_sky
32_050_az_155.220_el_28.400.png,clear_sky
32_059_az_231.510_el_20.500.png,clear_sky
32_119_az_161.200_el_28.400.png,clear_sky
32_139_az_237.520_el_20.500.png,clear_sky
32_142_az_339.500_el_20.500.png,clear_sky
32_186_az_167.220_el_28.400.png,clear_sky
32_209_az_345.520_el_20.500.png,clear_sky
32_221_az_243.510_el_20.500.png,clear_sky
32_277_az_173.210_el_28.400.png,clear_sky
32_287_az_249.540_el_20.500.png,clear_sky
32_300_az_351.510_el_20.500.png,clear_sky
32_358_az_179.190_el_28.400.png,clear_sky
32_367_az_255.530_el_20.500.png,clear_sky
32_381_az_357.490_el_20.500.png,clear_sky
32_441_az_185.240_el_28.400.png,clear_sky
32_464_az_3.540_el_20.500.png,clear_sky
32_466_az_261.520_el_20.500.png,clear_sky
32_510_az_9.500_el_20.500.png,clear_sky
32_524_az_267.540_el_20.500.png,clear_sky
32_533_az_191.200_el_28.400.png,clear_sky
32_586_az_197.200_el_28.400.png,clear_sky
32_609_az_15.500_el_20.500.png,clear_sky
32_610_az_273.510_el_20.500.png,clear_sky
32_677_az_21.510_el_20.500.png,clear_sky
32_686_az_279.530_el_20.500.png,clear_sky
32_700_az_203.210_el_28.400.png,clear_sky
32_748_az_27.470_el_20.500.png,clear_sky
32_770_az_209.170_el_28.400.png,clear_sky
32_779_az_285.540_el_20.500.png,clear_sky
32_829_az_33.520_el_20.500.png,clear_sky
32_848_az_215.220_el_28.400.png,clear_sky
32_857_az_291.510_el_20.500.png,clear_sky
32_909_az_221.190_el_28.400.png,clear_sky
32_932_az_39.490_el_20.500.png,clear_sky
32_940_az_297.550_el_20.500.png,clear_sky
32_987_az_227.190_el_28.400.png,clear_sky
33_007_az_303.530_el_20.500.png,clear_sky
33_011_az_45.490_el_20.500.png,clear_sky
33_068_az_233.190_el_28.400.png,clear_sky
33_100_az_309.540_el_20.500.png,clear_sky
33_100_az_51.490_el_20.500.png,clear_sky
33_161_az_239.170_el_28.400.png,clear_sky
33_172_az_315.540_el_20.500.png,clear_sky
33_184_az_57.470_el_20.500.png,clear_sky
33_237_az_245.190_el_28.400.png,clear_sky
33_248_az_321.530_el_20.500.png,clear_sky
33_265_az_63.490_el_20.500.png,clear_sky
33_322_az_251.160_el_28.400.png,clear_sky
33_336_az_327.550_el_20.500.png,clear_sky
33_346_az_69.460_el_20.500.png,clear_sky
33_400_az_75.460_el_20.500.png,clear_sky
33_403_az_333.520_el_20.500.png,clear_sky
33_413_az_257.160_el_28.400.png,clear_sky
33_480_az_263.140_el_28.400.png,clear_sky
33_503_az_81.440_el_20.500.png,clear_sky
33_505_az_339.540_el_20.500.png,clear_sky
33_549_az_269.120_el_28.400.png,clear_sky
33_569_az_345.540_el_20.500.png,clear_sky
33_569_az_87.420_el_20.500.png,clear_sky
33_640_az_275.140_el_28.400.png,clear_sky
33_650_az_351.520_el_20.500.png,clear_sky
33_664_az_93.440_el_20.500.png,clear_sky
33_721_az_281.090_el_28.400.png,clear_sky
33_738_az_357.570_el_20.500.png,clear_sky
33_749_az_99.390_el_20.500.png,clear_sky
33_794_az_3.520_el_20.500.png,clear_sky
33_800_az_287.090_el_28.400.png,clear_sky
33_823_az_105.390_el_20.500.png,clear_sky
33_864_az_9.540_el_20.500.png,clear_sky
33_870_az_293.110_el_28.400.png,clear_sky
33_892_az_111.410_el_20.500.png,clear_sky
33_950_az_299.070_el_28.400.png,clear_sky
33_971_az_15.550_el_20.500.png,clear_sky
33_983_az_117.370_el_20.500.png,clear_sky
34_031_az_305.090_el_28.400.png,clear_sky
34_046_az_21.500_el_20.500.png,clear_sky
34_054_az_123.390_el_20.500.png,clear_sky
34_131_az_129.380_el_20.500.png,clear_sky
34_138_az_27.540_el_20.500.png,clear_sky
34_153_az_311.080_el_28.400.png,clear_sky
34_201_az_317.090_el_28.400.png,clear_sky
34_203_az_33.510_el_20.500.png,clear_sky
34_225_az_135.390_el_20.500.png,clear_sky
34_277_az_39.500_el_20.500.png,clear_sky
34_281_az_323.110_el_28.400.png,clear_sky
34_304_az_141.410_el_20.500.png,clear_sky
34_361_az_329.100_el_28.400.png,clear_sky
34_367_az_45.510_el_20.500.png,clear_sky
34_384_az_147.400_el_20.500.png,clear_sky
34_429_az_335.110_el_28.400.png,clear_sky
34_450_az_153.410_el_20.500.png,clear_sky
34_460_az_51.500_el_20.500.png,clear_sky
34_512_az_159.400_el_20.500.png,clear_sky
34_525_az_57.510_el_20.500.png,clear_sky
34_535_az_341.100_el_28.400.png,clear_sky
34_599_az_165.430_el_20.500.png,clear_sky
34_621_az_63.480_el_20.500.png,clear_sky
34_622_az_347.130_el_28.400.png,clear_sky
34_671_az_353.100_el_28.400.png,clear_sky
34_687_az_69.520_el_20.500.png,clear_sky
34_693_az_171.400_el_20.500.png,clear_sky
34_763_az_359.100_el_28.400.png,clear_sky
34_767_az_75.500_el_20.500.png,clear_sky
34_776_az_177.400_el_20.500.png,clear_sky
34_829_az_183.430_el_20.500.png,clear_sky
34_852_az_5.130_el_28.400.png,clear_sky
34_860_az_81.480_el_20.500.png,clear_sky
34_923_az_11.090_el_28.400.png,clear_sky
34_939_az_87.500_el_20.500.png,clear_sky
34_946_az_189.390_el_20.500.png,clear_sky
34_998_az_17.140_el_28.400.png,clear_sky
35_009_az_93.460_el_20.500.png,clear_sky
35_022_az_195.440_el_20.500.png,clear_sky
35_069_az_23.150_el_28.400.png,clear_sky
35_089_az_201.450_el_20.500.png,clear_sky
35_104_az_99.480_el_20.500.png,clear_sky
35_160_az_29.140_el_28.400.png,clear_sky
35_182_az_105.480_el_20.500.png,clear_sky
35_183_az_207.440_el_20.500.png,clear_sky
35_225_az_111.460_el_20.500.png,clear_sky
35_241_az_213.470_el_20.500.png,clear_sky
35_264_az_35.170_el_28.400.png,clear_sky
35_315_az_117.460_el_20.500.png,clear_sky
35_318_az_41.150_el_28.400.png,clear_sky
35_346_az_219.450_el_20.500.png,clear_sky
35_402_az_47.160_el_28.400.png,clear_sky
35_416_az_123.460_el_20.500.png,clear_sky
35_425_az_225.460_el_20.500.png,clear_sky
35_470_az_53.160_el_28.400.png,clear_sky
35_489_az_231.460_el_20.500.png,clear_sky
35_492_az_129.480_el_20.500.png,clear_sky
35_563_az_59.160_el_28.400.png,clear_sky
35_580_az_135.470_el_20.500.png,clear_sky
35_587_az_237.460_el_20.500.png,clear_sky
35_632_az_243.460_el_20.500.png,clear_sky
35_655_az_65.160_el_28.400.png,clear_sky
35_664_az_141.470_el_20.500.png,clear_sky
35_707_az_147.460_el_20.500.png,clear_sky
35_723_az_71.150_el_28.400.png,clear_sky
35_746_az_249.450_el_20.500.png,clear_sky
35_791_az_77.180_el_28.400.png,clear_sky
35_814_az_255.480_el_20.500.png,clear_sky
35_822_az_153.450_el_20.500.png,clear_sky
35_874_az_83.180_el_28.400.png,clear_sky
35_880_az_159.470_el_20.500.png,clear_sky
35_897_az_261.480_el_20.500.png,clear_sky
35_951_az_89.150_el_28.400.png,clear_sky
35_955_az_165.450_el_20.500.png,clear_sky
35_974_az_267.450_el_20.500.png,clear_sky
36_041_az_95.180_el_28.400.png,clear_sky
36_061_az_171.460_el_20.500.png,clear_sky
36_064_az_273.480_el_20.500.png,clear_sky
36_109_az_101.150_el_28.400.png,clear_sky
36_132_az_279.450_el_20.500.png,clear_sky
36_145_az_177.450_el_20.500.png,clear_sky
36_187_az_183.430_el_20.500.png,clear_sky
36_192_az_107.170_el_28.400.png,clear_sky
36_214_az_285.470_el_20.500.png,clear_sky
36_288_az_113.190_el_28.400.png,clear_sky
36_293_az_189.480_el_20.500.png,clear_sky
36_311_az_291.490_el_20.500.png,clear_sky
36_349_az_119.150_el_28.400.png,clear_sky
36_373_az_297.450_el_20.500.png,clear_sky
36_381_az_195.480_el_20.500.png,clear_sky
36_445_az_125.190_el_28.400.png,clear_sky
36_458_az_201.480_el_20.500.png,clear_sky
36_458_az_303.490_el_20.500.png,clear_sky
36_512_az_131.170_el_28.400.png,clear_sky
36_529_az_207.490_el_20.500.png,clear_sky
36_535_az_309.470_el_20.500.png,clear_sky
36_591_az_137.160_el_28.400.png,clear_sky
36_614_az_315.460_el_20.500.png,clear_sky
36_623_az_213.470_el_20.500.png,clear_sky
36_683_az_321.470_el_20.500.png,clear_sky
36_702_az_219.510_el_20.500.png,clear_sky
36_706_az_143.170_el_28.400.png,clear_sky
36_762_az_149.160_el_28.400.png,clear_sky
36_784_az_225.510_el_20.500.png,clear_sky
36_785_az_327.460_el_20.500.png,clear_sky
36_826_az_231.510_el_20.500.png,clear_sky
36_831_az_155.170_el_28.400.png,clear_sky
36_855_az_333.470_el_20.500.png,clear_sky
36_914_az_161.150_el_28.400.png,clear_sky
36_931_az_237.520_el_20.500.png,clear_sky
36_939_az_339.450_el_20.500.png,clear_sky
36_998_az_243.500_el_20.500.png,clear_sky
37_000_az_167.170_el_28.400.png,clear_sky
37_023_az_345.470_el_20.500.png,clear_sky
37_068_az_249.540_el_20.500.png,clear_sky
37_085_az_173.160_el_28.400.png,clear_sky
37_108_az_351.460_el_20.500.png,clear_sky
37_153_az_179.130_el_28.400.png,clear_sky
37_161_az_255.530_el_20.500.png,clear_sky
37_176_az_357.430_el_20.500.png,clear_sky
37_236_az_185.190_el_28.400.png,clear_sky
37_250_az_261.520_el_20.500.png,clear_sky
37_259_az_3.490_el_20.500.png,clear_sky
37_308_az_267.540_el_20.500.png,clear_sky
37_321_az_191.140_el_28.400.png,clear_sky
37_345_az_9.440_el_20.500.png,clear_sky
37_391_az_197.130_el_28.400.png,clear_sky
37_409_az_273.510_el_20.500.png,clear_sky
37_413_az_15.430_el_20.500.png,clear_sky
37_485_az_203.170_el_28.400.png,clear_sky
37_494_az_279.540_el_20.500.png,clear_sky
37_508_az_21.470_el_20.500.png,clear_sky
37_547_az_285.560_el_20.500.png,clear_sky
37_564_az_209.120_el_28.400.png,clear_sky
37_573_az_27.420_el_20.500.png,clear_sky
37_632_az_215.160_el_28.400.png,clear_sky
37_655_az_33.460_el_20.500.png,clear_sky
37_664_az_291.530_el_20.500.png,clear_sky
37_722_az_221.140_el_28.400.png,clear_sky
37_739_az_297.560_el_20.500.png,clear_sky
37_746_az_39.440_el_20.500.png,clear_sky
37_797_az_303.550_el_20.500.png,clear_sky
37_802_az_227.130_el_28.400.png,clear_sky
37_825_az_45.430_el_20.500.png,clear_sky
37_887_az_51.420_el_20.500.png,clear_sky
37_897_az_233.120_el_28.400.png,clear_sky
37_905_az_309.550_el_20.500.png,clear_sky
37_955_az_239.110_el_28.400.png,clear_sky
37_978_az_57.410_el_20.500.png,clear_sky
37_983_az_315.550_el_20.500.png,clear_sky
38_029_az_321.540_el_20.500.png,clear_sky
38_043_az_245.120_el_28.400.png,clear_sky
38_066_az_63.420_el_20.500.png,clear_sky
38_117_az_251.070_el_28.400.png,clear_sky
38_131_az_327.540_el_20.500.png,clear_sky
38_142_az_69.370_el_20.500.png,clear_sky
38_204_az_257.100_el_28.400.png,clear_sky
38_212_az_333.520_el_20.500.png,clear_sky
38_227_az_75.400_el_20.500.png,clear_sky
38_283_az_263.100_el_28.400.png,clear_sky
38_304_az_339.550_el_20.500.png,clear_sky
38_306_az_81.400_el_20.500.png,clear_sky
38_354_az_269.070_el_28.400.png,clear_sky
38_372_az_345.550_el_20.500.png,clear_sky
38_385_az_87.370_el_20.500.png,clear_sky
38_445_az_93.390_el_20.500.png,clear_sky
38_450_az_351.520_el_20.500.png,clear_sky
38_468_az_275.090_el_28.400.png,clear_sky
38_511_az_357.560_el_20.500.png,clear_sky
38_527_az_281.050_el_28.400.png,clear_sky
38_550_az_99.350_el_20.500.png,clear_sky
38_589_az_3.530_el_20.500.png,clear_sky
38_607_az_105.350_el_20.500.png,clear_sky
38_630_az_287.050_el_28.400.png,clear_sky
38_674_az_293.070_el_28.400.png,clear_sky
38_694_az_9.540_el_20.500.png,clear_sky
38_697_az_111.370_el_20.500.png,clear_sky
38_758_az_117.330_el_20.500.png,clear_sky
38_769_az_15.550_el_20.500.png,clear_sky
38_780_az_299.030_el_28.400.png,clear_sky
38_839_az_305.050_el_28.400.png,clear_sky
38_862_az_123.350_el_20.500.png,clear_sky
38_863_az_21.510_el_20.500.png,clear_sky
38_924_az_311.050_el_28.400.png,clear_sky
38_943_az_27.540_el_20.500.png,clear_sky
38_947_az_129.350_el_20.500.png,clear_sky
38_993_az_317.050_el_28.400.png,clear_sky
39_012_az_33.520_el_20.500.png,clear_sky
39_016_az_135.350_el_20.500.png,clear_sky
39_088_az_323.040_el_28.400.png,clear_sky
39_105_az_39.520_el_20.500.png,clear_sky
39_110_az_141.340_el_20.500.png,clear_sky
39_153_az_329.040_el_28.400.png,clear_sky
39_174_az_45.520_el_20.500.png,clear_sky
39_176_az_147.340_el_20.500.png,clear_sky
39_234_az_335.050_el_28.400.png,clear_sky
39_250_az_51.520_el_20.500.png,clear_sky
39_257_az_153.350_el_20.500.png,clear_sky
39_316_az_159.340_el_20.500.png,clear_sky
39_339_az_341.040_el_28.400.png,clear_sky
39_339_az_57.530_el_20.500.png,clear_sky
39_392_az_347.070_el_28.400.png,clear_sky
39_400_az_63.500_el_20.500.png,clear_sky
39_411_az_165.370_el_20.500.png,clear_sky
39_477_az_353.070_el_28.400.png,clear_sky
39_482_az_69.510_el_20.500.png,clear_sky
39_500_az_171.370_el_20.500.png,clear_sky
39_553_az_177.360_el_20.500.png,clear_sky
39_561_az_75.480_el_20.500.png,clear_sky
39_576_az_359.060_el_28.400.png,clear_sky
39_632_az_5.080_el_28.400.png,clear_sky
39_655_az_183.380_el_20.500.png,clear_sky
39_656_az_81.470_el_20.500.png,clear_sky
39_724_az_11.060_el_28.400.png,clear_sky
39_744_az_87.500_el_20.500.png,clear_sky
39_747_az_189.360_el_20.500.png,clear_sky
39_807_az_17.100_el_28.400.png,clear_sky
39_825_az_93.450_el_20.500.png,clear_sky
39_830_az_195.400_el_20.500.png,clear_sky
39_874_az_23.100_el_28.400.png,clear_sky
39_897_az_201.400_el_20.500.png,clear_sky
39_907_az_99.460_el_20.500.png,clear_sky
39_961_az_207.370_el_20.500.png,clear_sky
39_973_az_105.480_el_20.500.png,clear_sky
39_985_az_29.070_el_28.400.png,clear_sky
40_031_az_111.450_el_20.500.png,clear_sky
40_043_az_213.390_el_20.500.png,clear_sky
40_067_az_35.090_el_28.400.png,clear_sky
40_123_az_219.380_el_20.500.png,clear_sky
40_136_az_41.080_el_28.400.png,clear_sky
40_144_az_117.470_el_20.500.png,clear_sky
40_205_az_47.100_el_28.400.png,clear_sky
40_212_az_123.450_el_20.500.png,clear_sky
40_217_az_225.400_el_20.500.png,clear_sky
40_277_az_53.120_el_28.400.png,clear_sky
40_291_az_129.470_el_20.500.png,clear_sky
40_299_az_231.420_el_20.500.png,clear_sky
40_367_az_59.110_el_28.400.png,clear_sky
40_376_az_135.450_el_20.500.png,clear_sky
40_390_az_237.410_el_20.500.png,clear_sky
40_430_az_141.440_el_20.500.png,clear_sky
40_439_az_65.120_el_28.400.png,clear_sky
40_464_az_243.420_el_20.500.png,clear_sky
40_525_az_71.100_el_28.400.png,clear_sky
40_533_az_147.440_el_20.500.png,clear_sky
40_548_az_249.400_el_20.500.png,clear_sky
40_604_az_77.140_el_28.400.png,clear_sky
40_614_az_153.420_el_20.500.png,clear_sky
40_628_az_255.440_el_20.500.png,clear_sky
40_689_az_261.430_el_20.500.png,clear_sky
40_703_az_83.130_el_28.400.png,clear_sky
40_708_az_159.450_el_20.500.png,clear_sky
40_764_az_89.110_el_28.400.png,clear_sky
40_783_az_165.460_el_20.500.png,clear_sky
40_787_az_267.410_el_20.500.png,clear_sky
40_846_az_95.140_el_28.400.png,clear_sky
40_850_az_171.450_el_20.500.png,clear_sky
40_869_az_273.440_el_20.500.png,clear_sky
40_909_az_177.470_el_20.500.png,clear_sky
40_915_az_279.410_el_20.500.png,clear_sky
40_935_az_101.110_el_28.400.png,clear_sky
41_002_az_183.450_el_20.500.png,clear_sky
41_005_az_107.120_el_28.400.png,clear_sky
41_029_az_285.420_el_20.500.png,clear_sky
41_089_az_113.140_el_28.400.png,clear_sky
41_103_az_291.440_el_20.500.png,clear_sky
41_109_az_189.490_el_20.500.png,clear_sky
41_165_az_119.110_el_28.400.png,clear_sky
41_178_az_297.410_el_20.500.png,clear_sky
41_187_az_195.500_el_20.500.png,clear_sky
41_247_az_125.140_el_28.400.png,clear_sky
41_252_az_201.490_el_20.500.png,clear_sky
41_270_az_303.440_el_20.500.png,clear_sky
41_316_az_131.120_el_28.400.png,clear_sky
41_348_az_207.510_el_20.500.png,clear_sky
41_349_az_309.420_el_20.500.png,clear_sky
41_396_az_137.120_el_28.400.png,clear_sky
41_416_az_213.490_el_20.500.png,clear_sky
41_419_az_315.420_el_20.500.png,clear_sky
41_481_az_219.520_el_20.500.png,clear_sky
41_488_az_143.120_el_28.400.png,clear_sky
41_501_az_321.420_el_20.500.png,clear_sky
41_562_az_149.100_el_28.400.png,clear_sky
41_573_az_225.520_el_20.500.png,clear_sky
41_584_az_327.400_el_20.500.png,clear_sky
41_644_az_155.120_el_28.400.png,clear_sky
41_655_az_231.500_el_20.500.png,clear_sky
41_667_az_333.420_el_20.500.png,clear_sky
41_726_az_339.390_el_20.500.png,clear_sky
41_746_az_237.520_el_20.500.png,clear_sky
41_749_az_161.090_el_28.400.png,clear_sky
41_796_az_167.120_el_28.400.png,clear_sky
41_818_az_345.420_el_20.500.png,clear_sky
41_824_az_243.510_el_20.500.png,clear_sky
41_888_az_173.110_el_28.400.png,clear_sky
41_893_az_249.540_el_20.500.png,clear_sky
41_911_az_351.410_el_20.500.png,clear_sky
41_959_az_179.080_el_28.400.png,clear_sky
41_984_az_255.540_el_20.500.png,clear_sky
41_985_az_357.380_el_20.500.png,clear_sky
42_047_az_185.140_el_28.400.png,clear_sky
42_069_az_261.530_el_20.500.png,clear_sky
42_070_az_3.440_el_20.500.png,clear_sky
42_117_az_191.080_el_28.400.png,clear_sky
42_132_az_267.550_el_20.500.png,clear_sky
42_150_az_9.380_el_20.500.png,clear_sky
42_206_az_197.090_el_28.400.png,clear_sky
42_217_az_273.520_el_20.500.png,clear_sky
42_229_az_15.390_el_20.500.png,clear_sky
42_284_az_279.550_el_20.500.png,clear_sky
42_295_az_203.100_el_28.400.png,clear_sky
42_308_az_21.400_el_20.500.png,clear_sky
42_362_az_285.560_el_20.500.png,clear_sky
42_369_az_209.070_el_28.400.png,clear_sky
42_392_az_27.370_el_20.500.png,clear_sky
42_449_az_215.100_el_28.400.png,clear_sky
42_467_az_291.530_el_20.500.png,clear_sky
42_472_az_33.400_el_20.500.png,clear_sky
42_517_az_221.080_el_28.400.png,clear_sky
42_543_az_39.380_el_20.500.png,clear_sky
42_547_az_297.560_el_20.500.png,clear_sky
42_606_az_227.050_el_28.400.png,clear_sky
42_619_az_45.350_el_20.500.png,clear_sky
42_633_az_303.540_el_20.500.png,clear_sky
42_692_az_233.060_el_28.400.png,clear_sky
42_707_az_309.540_el_20.500.png,clear_sky
42_716_az_51.360_el_20.500.png,clear_sky
42_767_az_239.040_el_28.400.png,clear_sky
42_784_az_315.550_el_20.500.png,clear_sky
42_790_az_57.340_el_20.500.png,clear_sky
42_837_az_63.360_el_20.500.png,clear_sky
42_855_az_321.540_el_20.500.png,clear_sky
42_860_az_245.060_el_28.400.png,clear_sky
42_915_az_251.030_el_28.400.png,clear_sky
42_937_az_69.330_el_20.500.png,clear_sky
42_944_az_327.560_el_20.500.png,clear_sky
43_003_az_257.040_el_28.400.png,clear_sky
43_015_az_333.530_el_20.500.png,clear_sky
43_026_az_75.340_el_20.500.png,clear_sky
43_088_az_263.050_el_28.400.png,clear_sky
43_108_az_339.560_el_20.500.png,clear_sky
43_112_az_81.350_el_20.500.png,clear_sky
43_169_az_269.020_el_28.400.png,clear_sky
43_185_az_345.550_el_20.500.png,clear_sky
43_192_az_87.320_el_20.500.png,clear_sky
43_238_az_275.060_el_28.400.png,clear_sky
43_260_az_351.540_el_20.500.png,clear_sky
43_260_az_93.360_el_20.500.png,clear_sky
43_318_az_281.020_el_28.400.png,clear_sky
43_332_az_357.570_el_20.500.png,clear_sky
43_341_az_99.320_el_20.500.png,clear_sky
43_401_az_287.010_el_28.400.png,clear_sky
43_403_az_3.540_el_20.500.png,clear_sky
43_434_az_105.310_el_20.500.png,clear_sky
43_487_az_293.030_el_28.400.png,clear_sky
43_499_az_9.550_el_20.500.png,clear_sky
43_515_az_111.330_el_20.500.png,clear_sky
43_560_az_298.990_el_28.400.png,clear_sky
43_583_az_117.290_el_20.500.png,clear_sky
43_589_az_15.560_el_20.500.png,clear_sky
43_651_az_21.530_el_20.500.png,clear_sky
43_653_az_123.300_el_20.500.png,clear_sky
43_677_az_305.000_el_28.400.png,clear_sky
43_714_az_27.550_el_20.500.png,clear_sky
43_729_az_310.980_el_28.400.png,clear_sky
43_752_az_129.280_el_20.500.png,clear_sky
43_810_az_316.990_el_28.400.png,clear_sky
43_821_az_33.530_el_20.500.png,clear_sky
43_833_az_135.290_el_20.500.png,clear_sky
43_884_az_39.530_el_20.500.png,clear_sky
43_890_az_323.010_el_28.400.png,clear_sky
43_903_az_141.310_el_20.500.png,clear_sky
43_959_az_329.000_el_28.400.png,clear_sky
43_977_az_45.530_el_20.500.png,clear_sky
43_992_az_147.300_el_20.500.png,clear_sky
44_044_az_51.510_el_20.500.png,clear_sky
44_051_az_335.010_el_28.400.png,clear_sky
44_073_az_153.310_el_20.500.png,clear_sky
44_121_az_340.990_el_28.400.png,clear_sky
44_130_az_57.510_el_20.500.png,clear_sky
44_144_az_159.290_el_20.500.png,clear_sky
44_208_az_347.020_el_28.400.png,clear_sky
44_227_az_63.480_el_20.500.png,clear_sky
44_231_az_165.320_el_20.500.png,clear_sky
44_293_az_353.010_el_28.400.png,clear_sky
44_309_az_69.500_el_20.500.png,clear_sky
44_316_az_171.310_el_20.500.png,clear_sky
44_374_az_359.010_el_28.400.png,clear_sky
44_374_az_75.490_el_20.500.png,clear_sky
44_401_az_177.310_el_20.500.png,clear_sky
44_451_az_5.020_el_28.400.png,clear_sky
44_456_az_81.480_el_20.500.png,clear_sky
44_474_az_183.320_el_20.500.png,clear_sky
44_530_az_11.000_el_28.400.png,clear_sky
44_546_az_87.490_el_20.500.png,clear_sky
44_552_az_189.300_el_20.500.png,clear_sky
44_603_az_17.050_el_28.400.png,clear_sky
44_626_az_195.350_el_20.500.png,clear_sky
44_627_az_93.470_el_20.500.png,clear_sky
44_690_az_23.030_el_28.400.png,clear_sky
44_708_az_99.500_el_20.500.png,clear_sky
44_714_az_201.330_el_20.500.png,clear_sky
44_753_az_105.480_el_20.500.png,clear_sky
44_762_az_29.040_el_28.400.png,clear_sky
44_785_az_207.340_el_20.500.png,clear_sky
44_841_az_35.060_el_28.400.png,clear_sky
44_856_az_111.460_el_20.500.png,clear_sky
44_864_az_213.360_el_20.500.png,clear_sky
44_921_az_41.040_el_28.400.png,clear_sky
44_943_az_219.340_el_20.500.png,clear_sky
44_947_az_117.480_el_20.500.png,clear_sky
45_003_az_47.060_el_28.400.png,clear_sky
45_026_az_225.360_el_20.500.png,clear_sky
45_029_az_123.450_el_20.500.png,clear_sky
45_073_az_129.490_el_20.500.png,clear_sky
45_080_az_53.070_el_28.400.png,clear_sky
45_103_az_231.370_el_20.500.png,clear_sky
45_160_az_59.050_el_28.400.png,clear_sky
45_183_az_237.350_el_20.500.png,clear_sky
45_193_az_135.480_el_20.500.png,clear_sky
45_241_az_65.070_el_28.400.png,clear_sky
45_264_az_243.370_el_20.500.png,clear_sky
45_266_az_141.470_el_20.500.png,clear_sky
45_322_az_71.050_el_28.400.png,clear_sky
45_340_az_147.460_el_20.500.png,clear_sky
45_354_az_249.350_el_20.500.png,clear_sky
45_402_az_77.080_el_28.400.png,clear_sky
45_406_az_153.440_el_20.500.png,clear_sky
45_425_az_255.380_el_20.500.png,clear_sky
45_483_az_83.070_el_28.400.png,clear_sky
45_500_az_159.470_el_20.500.png,clear_sky
45_505_az_261.370_el_20.500.png,clear_sky
45_561_az_89.050_el_28.400.png,clear_sky
45_579_az_165.450_el_20.500.png,clear_sky
45_584_az_267.350_el_20.500.png,clear_sky
45_639_az_95.080_el_28.400.png,clear_sky
45_662_az_273.380_el_20.500.png,clear_sky
45_669_az_171.460_el_20.500.png,clear_sky
45_731_az_101.050_el_28.400.png,clear_sky
45_741_az_279.350_el_20.500.png,clear_sky
45_757_az_177.460_el_20.500.png,clear_sky
45_814_az_107.060_el_28.400.png,clear_sky
45_818_az_183.440_el_20.500.png,clear_sky
45_827_az_285.360_el_20.500.png,clear_sky
45_886_az_189.500_el_20.500.png,clear_sky
45_890_az_113.080_el_28.400.png,clear_sky
45_913_az_291.380_el_20.500.png,clear_sky
45_969_az_119.050_el_28.400.png,clear_sky
45_981_az_195.490_el_20.500.png,clear_sky
45_992_az_297.350_el_20.500.png,clear_sky
46_051_az_125.080_el_28.400.png,clear_sky
46_069_az_201.480_el_20.500.png,clear_sky
46_074_az_303.380_el_20.500.png,clear_sky
46_122_az_131.070_el_28.400.png,clear_sky
46_144_az_309.370_el_20.500.png,clear_sky
46_161_az_207.510_el_20.500.png,clear_sky
46_202_az_137.060_el_28.400.png,clear_sky
46_203_az_213.490_el_20.500.png,clear_sky
46_221_az_315.360_el_20.500.png,clear_sky
46_282_az_143.080_el_28.400.png,clear_sky
46_298_az_219.520_el_20.500.png,clear_sky
46_306_az_321.380_el_20.500.png,clear_sky
46_366_az_149.060_el_28.400.png,clear_sky
46_385_az_225.520_el_20.500.png,clear_sky
46_389_az_327.360_el_20.500.png,clear_sky
46_440_az_155.080_el_28.400.png,clear_sky
46_459_az_333.380_el_20.500.png,clear_sky
46_470_az_231.510_el_20.500.png,clear_sky
46_516_az_237.530_el_20.500.png,clear_sky
46_530_az_161.070_el_28.400.png,clear_sky
46_554_az_339.370_el_20.500.png,clear_sky
46_613_az_167.090_el_28.400.png,clear_sky
46_631_az_243.520_el_20.500.png,clear_sky
46_636_az_345.390_el_20.500.png,clear_sky
46_681_az_173.050_el_28.400.png,clear_sky
46_687_az_249.540_el_20.500.png,clear_sky
46_700_az_351.350_el_20.500.png,clear_sky
46_762_az_179.040_el_28.400.png,clear_sky
46_771_az_357.340_el_20.500.png,clear_sky
46_780_az_255.530_el_20.500.png,clear_sky
46_851_az_185.080_el_28.400.png,clear_sky
46_874_az_3.380_el_20.500.png,clear_sky
46_877_az_261.520_el_20.500.png,clear_sky
46_932_az_9.330_el_20.500.png,clear_sky
46_948_az_267.540_el_20.500.png,clear_sky
46_956_az_191.030_el_28.400.png,clear_sky
47_013_az_197.050_el_28.400.png,clear_sky
47_017_az_273.520_el_20.500.png,clear_sky
47_036_az_15.350_el_20.500.png,clear_sky
47_092_az_203.070_el_28.400.png,clear_sky
47_111_az_279.550_el_20.500.png,clear_sky
47_120_az_21.370_el_20.500.png,clear_sky
47_163_az_209.030_el_28.400.png,clear_sky
47_178_az_285.570_el_20.500.png,clear_sky
47_186_az_27.330_el_20.500.png,clear_sky
47_242_az_215.070_el_28.400.png,clear_sky
47_264_az_291.540_el_20.500.png,clear_sky
47_265_az_33.370_el_20.500.png,clear_sky
47_331_az_221.050_el_28.400.png,clear_sky
47_339_az_297.560_el_20.500.png,clear_sky
47_354_az_39.350_el_20.500.png,clear_sky
47_406_az_227.040_el_28.400.png,clear_sky
47_422_az_303.540_el_20.500.png,clear_sky
47_428_az_45.340_el_20.500.png,clear_sky
47_432_az_220.710_el_11.900.png,clear_sky
47_490_az_233.050_el_28.400.png,clear_sky
47_500_az_309.540_el_20.500.png,clear_sky
47_513_az_226.710_el_11.900.png,clear_sky
47_513_az_51.350_el_20.500.png,clear_sky
47_574_az_239.030_el_28.400.png,clear_sky
47_590_az_232.700_el_11.900.png,clear_sky
47_591_az_315.550_el_20.500.png,clear_sky
47_602_az_57.330_el_20.500.png,clear_sky
47_654_az_245.040_el_28.400.png,clear_sky
47_660_az_321.550_el_20.500.png,clear_sky
47_672_az_238.710_el_11.900.png,clear_sky
47_677_az_63.340_el_20.500.png,clear_sky
47_725_az_69.290_el_20.500.png,clear_sky
47_737_az_327.560_el_20.500.png,clear_sky
47_744_az_244.690_el_11.900.png,clear_sky
47_749_az_250.990_el_28.400.png,clear_sky
47_804_az_257.010_el_28.400.png,clear_sky
47_820_az_250.730_el_11.900.png,clear_sky
47_827_az_75.310_el_20.500.png,clear_sky
47_830_az_333.540_el_20.500.png,clear_sky
47_882_az_262.990_el_28.400.png,clear_sky
47_899_az_339.570_el_20.500.png,clear_sky
47_902_az_256.710_el_11.900.png,clear_sky
47_906_az_81.290_el_20.500.png,clear_sky
47_962_az_268.980_el_28.400.png,clear_sky
47_981_az_345.570_el_20.500.png,clear_sky
47_981_az_87.280_el_20.500.png,clear_sky
47_983_az_262.710_el_11.900.png,clear_sky
48_051_az_275.020_el_28.400.png,clear_sky
48_060_az_351.540_el_20.500.png,clear_sky
48_063_az_268.720_el_11.900.png,clear_sky
48_073_az_93.320_el_20.500.png,clear_sky
48_123_az_280.970_el_28.400.png,clear_sky
48_145_az_99.270_el_20.500.png,clear_sky
48_150_az_357.590_el_20.500.png,clear_sky
48_163_az_274.710_el_11.900.png,clear_sky
48_203_az_286.980_el_28.400.png,clear_sky
48_226_az_105.280_el_20.500.png,clear_sky
48_234_az_3.540_el_20.500.png,clear_sky
48_235_az_280.740_el_11.900.png,clear_sky
48_283_az_292.980_el_28.400.png,clear_sky
48_302_az_286.730_el_11.900.png,clear_sky
48_307_az_111.280_el_20.500.png,clear_sky
48_312_az_9.550_el_20.500.png,clear_sky
48_363_az_298.950_el_28.400.png,clear_sky
48_386_az_117.250_el_20.500.png,clear_sky
48_390_az_15.570_el_20.500.png,clear_sky
48_392_az_292.740_el_11.900.png,clear_sky
48_454_az_123.260_el_20.500.png,clear_sky
48_463_az_21.530_el_20.500.png,clear_sky
48_475_az_298.750_el_11.900.png,clear_sky
48_477_az_304.960_el_28.400.png,clear_sky
48_523_az_310.940_el_28.400.png,clear_sky
48_543_az_27.570_el_20.500.png,clear_sky
48_550_az_129.240_el_20.500.png,clear_sky
48_569_az_304.730_el_11.900.png,clear_sky
48_608_az_33.550_el_20.500.png,clear_sky
48_613_az_316.970_el_28.400.png,clear_sky
48_636_az_310.770_el_11.900.png,clear_sky
48_637_az_135.270_el_20.500.png,clear_sky
48_684_az_322.980_el_28.400.png,clear_sky
48_686_az_39.550_el_20.500.png,clear_sky
48_705_az_141.280_el_20.500.png,clear_sky
48_711_az_316.770_el_11.900.png,clear_sky
48_773_az_328.970_el_28.400.png,clear_sky
48_786_az_322.770_el_11.900.png,clear_sky
48_792_az_45.550_el_20.500.png,clear_sky
48_796_az_147.270_el_20.500.png,clear_sky
48_843_az_153.280_el_20.500.png,clear_sky
48_860_az_51.520_el_20.500.png,clear_sky
48_864_az_328.770_el_11.900.png,clear_sky
48_867_az_334.980_el_28.400.png,clear_sky
48_924_az_340.960_el_28.400.png,clear_sky
48_938_az_57.530_el_20.500.png,clear_sky
48_946_az_159.260_el_20.500.png,clear_sky
48_956_az_334.770_el_11.900.png,clear_sky
49_004_az_346.990_el_28.400.png,clear_sky
49_027_az_165.290_el_20.500.png,clear_sky
49_027_az_340.790_el_11.900.png,clear_sky
49_035_az_63.480_el_20.500.png,clear_sky
49_087_az_352.960_el_28.400.png,clear_sky
49_106_az_69.510_el_20.500.png,clear_sky
49_120_az_171.260_el_20.500.png,clear_sky
49_139_az_346.800_el_11.900.png,clear_sky
49_164_az_177.270_el_20.500.png,clear_sky
49_190_az_75.510_el_20.500.png,clear_sky
49_191_az_358.970_el_28.400.png,clear_sky
49_192_az_352.780_el_11.900.png,clear_sky
49_252_az_183.280_el_20.500.png,clear_sky
49_264_az_81.500_el_20.500.png,clear_sky
49_275_az_358.810_el_11.900.png,clear_sky
49_276_az_4.980_el_28.400.png,clear_sky
49_324_az_10.950_el_28.400.png,clear_sky
49_349_az_189.250_el_20.500.png,clear_sky
49_354_az_4.780_el_11.900.png,clear_sky
49_355_az_87.510_el_20.500.png,clear_sky
49_404_az_16.990_el_28.400.png,clear_sky
49_428_az_195.290_el_20.500.png,clear_sky
49_430_az_93.470_el_20.500.png,clear_sky
49_443_az_10.800_el_11.900.png,clear_sky
49_485_az_22.990_el_28.400.png,clear_sky
49_500_az_99.480_el_20.500.png,clear_sky
49_508_az_201.290_el_20.500.png,clear_sky
49_513_az_16.810_el_11.900.png,clear_sky
49_565_az_207.290_el_20.500.png,clear_sky
49_589_az_28.990_el_28.400.png,clear_sky
49_594_az_105.460_el_20.500.png,clear_sky
49_594_az_22.790_el_11.900.png,clear_sky
49_654_az_35.010_el_28.400.png,clear_sky
49_674_az_28.810_el_11.900.png,clear_sky
49_678_az_111.450_el_20.500.png,clear_sky
49_680_az_213.310_el_20.500.png,clear_sky
49_736_az_219.290_el_20.500.png,clear_sky
49_746_az_34.800_el_11.900.png,clear_sky
49_753_az_117.460_el_20.500.png,clear_sky
49_759_az_40.990_el_28.400.png,clear_sky
49_814_az_47.020_el_28.400.png,clear_sky
49_822_az_123.450_el_20.500.png,clear_sky
49_824_az_40.810_el_11.900.png,clear_sky
49_843_az_225.320_el_20.500.png,clear_sky
49_885_az_53.020_el_28.400.png,clear_sky
49_903_az_46.800_el_11.900.png,clear_sky
49_906_az_231.320_el_20.500.png,clear_sky
49_914_az_129.460_el_20.500.png,clear_sky
49_964_az_59.010_el_28.400.png,clear_sky
49_977_az_135.460_el_20.500.png,clear_sky
49_987_az_237.310_el_20.500.png,clear_sky
49_996_az_52.780_el_11.900.png,clear_sky
50_046_az_65.030_el_28.400.png,clear_sky
50_061_az_141.450_el_20.500.png,clear_sky
50_062_az_58.800_el_11.900.png,clear_sky
50_065_az_243.330_el_20.500.png,clear_sky
50_135_az_71.010_el_28.400.png,clear_sky
50_148_az_64.770_el_11.900.png,clear_sky
50_153_az_147.450_el_20.500.png,clear_sky
50_159_az_249.310_el_20.500.png,clear_sky
50_205_az_255.350_el_20.500.png,clear_sky
50_228_az_77.050_el_28.400.png,clear_sky
50_234_az_153.440_el_20.500.png,clear_sky
50_291_az_83.040_el_28.400.png,clear_sky
50_303_az_159.480_el_20.500.png,clear_sky
50_314_az_261.340_el_20.500.png,clear_sky
50_374_az_89.020_el_28.400.png,clear_sky
50_394_az_165.470_el_20.500.png,clear_sky
50_397_az_267.320_el_20.500.png,clear_sky
50_444_az_95.050_el_28.400.png,clear_sky
50_464_az_273.350_el_20.500.png,clear_sky
50_476_az_171.470_el_20.500.png,clear_sky
50_534_az_101.010_el_28.400.png,clear_sky
50_539_az_177.470_el_20.500.png,clear_sky
50_557_az_279.310_el_20.500.png,clear_sky
50_601_az_183.450_el_20.500.png,clear_sky
50_616_az_107.030_el_28.400.png,clear_sky
50_640_az_285.330_el_20.500.png,clear_sky
50_685_az_113.040_el_28.400.png,clear_sky
50_712_az_189.500_el_20.500.png,clear_sky
50_718_az_291.340_el_20.500.png,clear_sky
50_780_az_119.020_el_28.400.png,clear_sky
50_803_az_297.320_el_20.500.png,clear_sky
50_809_az_195.490_el_20.500.png,clear_sky
50_857_az_125.040_el_28.400.png,clear_sky
50_870_az_201.490_el_20.500.png,clear_sky
50_879_az_303.340_el_20.500.png,clear_sky
50_945_az_309.330_el_20.500.png,clear_sky
50_949_az_207.500_el_20.500.png,clear_sky
50_958_az_131.030_el_28.400.png,clear_sky
51_018_az_137.030_el_28.400.png,clear_sky
51_026_az_213.480_el_20.500.png,clear_sky
51_041_az_315.330_el_20.500.png,clear_sky
51_101_az_143.030_el_28.400.png,clear_sky
51_110_az_321.330_el_20.500.png,clear_sky
51_117_az_219.510_el_20.500.png,clear_sky
51_167_az_149.020_el_28.400.png,clear_sky
51_192_az_225.510_el_20.500.png,clear_sky
51_192_az_327.320_el_20.500.png,clear_sky
51_257_az_155.030_el_28.400.png,clear_sky
51_272_az_231.510_el_20.500.png,clear_sky
51_280_az_333.330_el_20.500.png,clear_sky
51_337_az_339.310_el_20.500.png,clear_sky
51_342_az_237.530_el_20.500.png,clear_sky
51_360_az_161.010_el_28.400.png,clear_sky
51_406_az_167.020_el_28.400.png,clear_sky
51_423_az_243.520_el_20.500.png,clear_sky
51_429_az_345.320_el_20.500.png,clear_sky
51_500_az_173.000_el_28.400.png,clear_sky
51_501_az_249.550_el_20.500.png,clear_sky
51_524_az_351.300_el_20.500.png,clear_sky
51_567_az_178.980_el_28.400.png,clear_sky
51_590_az_255.540_el_20.500.png,clear_sky
51_590_az_357.280_el_20.500.png,clear_sky
51_645_az_185.030_el_28.400.png,clear_sky
51_661_az_261.530_el_20.500.png,clear_sky
51_667_az_3.330_el_20.500.png,clear_sky
51_729_az_190.990_el_28.400.png,clear_sky
51_742_az_267.550_el_20.500.png,clear_sky
51_752_az_9.290_el_20.500.png,clear_sky
51_820_az_197.000_el_28.400.png,clear_sky
51_836_az_273.530_el_20.500.png,clear_sky
51_846_az_15.300_el_20.500.png,clear_sky
51_887_az_21.310_el_20.500.png,clear_sky
51_910_az_203.010_el_28.400.png,clear_sky
51_920_az_279.550_el_20.500.png,clear_sky
51_969_az_27.280_el_20.500.png,clear_sky
51_980_az_285.570_el_20.500.png,clear_sky
51_992_az_208.980_el_28.400.png,clear_sky
52_049_az_215.000_el_28.400.png,clear_sky
52_070_az_291.550_el_20.500.png,clear_sky
52_071_az_33.300_el_20.500.png,clear_sky
52_135_az_221.000_el_28.400.png,clear_sky
52_154_az_297.560_el_20.500.png,clear_sky
52_158_az_39.300_el_20.500.png,clear_sky
52_201_az_303.550_el_20.500.png,clear_sky
52_214_az_226.980_el_28.400.png,clear_sky
52_238_az_45.280_el_20.500.png,clear_sky
52_288_az_232.980_el_28.400.png,clear_sky
52_308_az_309.550_el_20.500.png,clear_sky
52_311_az_51.280_el_20.500.png,clear_sky
52_378_az_238.970_el_28.400.png,clear_sky
52_396_az_315.560_el_20.500.png,clear_sky
52_402_az_57.270_el_20.500.png,clear_sky
52_458_az_244.970_el_28.400.png,clear_sky
52_465_az_321.550_el_20.500.png,clear_sky
52_481_az_63.270_el_20.500.png,clear_sky
52_527_az_250.950_el_28.400.png,clear_sky
52_529_az_327.570_el_20.500.png,clear_sky
52_549_az_69.250_el_20.500.png,clear_sky
52_610_az_256.960_el_28.400.png,clear_sky
52_620_az_333.550_el_20.500.png,clear_sky
52_632_az_75.260_el_20.500.png,clear_sky
52_688_az_81.260_el_20.500.png,clear_sky
52_705_az_339.570_el_20.500.png,clear_sky
52_708_az_262.960_el_28.400.png,clear_sky
52_767_az_87.240_el_20.500.png,clear_sky
52_791_az_268.940_el_28.400.png,clear_sky
52_794_az_345.550_el_20.500.png,clear_sky
52_857_az_274.980_el_28.400.png,clear_sky
52_874_az_351.540_el_20.500.png,clear_sky
52_880_az_93.280_el_20.500.png,clear_sky
52_940_az_280.920_el_28.400.png,clear_sky
52_946_az_357.590_el_20.500.png,clear_sky
52_964_az_99.220_el_20.500.png,clear_sky
53_022_az_286.940_el_28.400.png,clear_sky
53_035_az_3.540_el_20.500.png,clear_sky
53_036_az_105.240_el_20.500.png,clear_sky
53_088_az_292.950_el_28.400.png,clear_sky
53_110_az_111.250_el_20.500.png,clear_sky
53_116_az_9.550_el_20.500.png,clear_sky
53_168_az_298.910_el_28.400.png,clear_sky
53_193_az_117.210_el_20.500.png,clear_sky
53_196_az_15.560_el_20.500.png,clear_sky
53_258_az_304.910_el_28.400.png,clear_sky
53_275_az_21.530_el_20.500.png,clear_sky
53_281_az_123.210_el_20.500.png,clear_sky
53_327_az_310.890_el_28.400.png,clear_sky
53_348_az_129.190_el_20.500.png,clear_sky
53_354_az_27.550_el_20.500.png,clear_sky
53_417_az_316.910_el_28.400.png,clear_sky
53_432_az_33.520_el_20.500.png,clear_sky
53_441_az_135.210_el_20.500.png,clear_sky
53_500_az_322.920_el_28.400.png,clear_sky
53_508_az_39.530_el_20.500.png,clear_sky
53_523_az_141.220_el_20.500.png,clear_sky
53_580_az_45.540_el_20.500.png,clear_sky
53_586_az_328.920_el_28.400.png,clear_sky
53_609_az_147.220_el_20.500.png,clear_sky
53_648_az_334.910_el_28.400.png,clear_sky
53_667_az_51.520_el_20.500.png,clear_sky
53_671_az_153.210_el_20.500.png,clear_sky
53_732_az_57.540_el_20.500.png,clear_sky
53_736_az_340.890_el_28.400.png,clear_sky
53_759_az_159.190_el_20.500.png,clear_sky
53_810_az_165.220_el_20.500.png,clear_sky
53_827_az_63.500_el_20.500.png,clear_sky
53_833_az_346.920_el_28.400.png,clear_sky
53_897_az_171.210_el_20.500.png,clear_sky
53_905_az_69.520_el_20.500.png,clear_sky
53_921_az_352.910_el_28.400.png,clear_sky
53_981_az_358.920_el_28.400.png,clear_sky
53_989_az_75.510_el_20.500.png,clear_sky
54_004_az_177.220_el_20.500.png,clear_sky
54_050_az_4.920_el_28.400.png,clear_sky
54_054_az_81.510_el_20.500.png,clear_sky
54_071_az_183.220_el_20.500.png,clear_sky
54_130_az_189.200_el_20.500.png,clear_sky
54_147_az_87.520_el_20.500.png,clear_sky
54_153_az_10.900_el_28.400.png,clear_sky
54_221_az_195.250_el_20.500.png,clear_sky
54_224_az_93.490_el_20.500.png,clear_sky
54_244_az_16.950_el_28.400.png,clear_sky
54_302_az_201.240_el_20.500.png,clear_sky
54_309_az_99.510_el_20.500.png,clear_sky
54_330_az_22.940_el_28.400.png,clear_sky
54_368_az_207.240_el_20.500.png,clear_sky
54_387_az_105.500_el_20.500.png,clear_sky
54_392_az_28.940_el_28.400.png,clear_sky
54_459_az_34.950_el_28.400.png,clear_sky
54_466_az_111.470_el_20.500.png,clear_sky
54_482_az_213.250_el_20.500.png,clear_sky
54_522_az_117.470_el_20.500.png,clear_sky
54_538_az_40.930_el_28.400.png,clear_sky
54_565_az_219.230_el_20.500.png,clear_sky
54_628_az_46.950_el_28.400.png,clear_sky
54_639_az_123.450_el_20.500.png,clear_sky
54_650_az_225.250_el_20.500.png,clear_sky
54_690_az_52.960_el_28.400.png,clear_sky
54_713_az_231.260_el_20.500.png,clear_sky
54_723_az_129.490_el_20.500.png,clear_sky
54_764_az_135.490_el_20.500.png,clear_sky
54_771_az_58.960_el_28.400.png,clear_sky
54_794_az_237.260_el_20.500.png,clear_sky
54_860_az_64.970_el_28.400.png,clear_sky
54_874_az_141.470_el_20.500.png,clear_sky
54_884_az_243.270_el_20.500.png,clear_sky
54_941_az_147.460_el_20.500.png,clear_sky
54_942_az_70.950_el_28.400.png,clear_sky
54_970_az_249.250_el_20.500.png,clear_sky
55_003_az_153.450_el_20.500.png,clear_sky
55_020_az_76.980_el_28.400.png,clear_sky
55_043_az_255.280_el_20.500.png,clear_sky
55_090_az_82.970_el_28.400.png,clear_sky
55_092_az_159.490_el_20.500.png,clear_sky
55_113_az_261.270_el_20.500.png,clear_sky
55_171_az_267.260_el_20.500.png,clear_sky
55_194_az_88.960_el_28.400.png,clear_sky
55_202_az_165.480_el_20.500.png,clear_sky
55_252_az_94.980_el_28.400.png,clear_sky
55_263_az_171.470_el_20.500.png,clear_sky
55_275_az_273.280_el_20.500.png,clear_sky
55_332_az_100.950_el_28.400.png,clear_sky
55_347_az_177.470_el_20.500.png,clear_sky
55_355_az_279.250_el_20.500.png,clear_sky
55_412_az_106.980_el_28.400.png,clear_sky
55_424_az_183.450_el_20.500.png,clear_sky
55_435_az_285.280_el_20.500.png,clear_sky
55_507_az_112.990_el_28.400.png,clear_sky
55_508_az_189.500_el_20.500.png,clear_sky
55_530_az_291.290_el_20.500.png,clear_sky
55_572_az_297.260_el_20.500.png,clear_sky
55_595_az_118.960_el_28.400.png,clear_sky
55_601_az_195.490_el_20.500.png,clear_sky
55_649_az_124.990_el_28.400.png,clear_sky
55_669_az_201.470_el_20.500.png,clear_sky
55_671_az_303.290_el_20.500.png,clear_sky
55_739_az_130.970_el_28.400.png,clear_sky
55_753_az_207.500_el_20.500.png,clear_sky
55_763_az_309.270_el_20.500.png,clear_sky
55_822_az_136.970_el_28.400.png,clear_sky
55_839_az_213.480_el_20.500.png,clear_sky
55_845_az_315.270_el_20.500.png,clear_sky
55_889_az_142.970_el_28.400.png,clear_sky
55_910_az_321.270_el_20.500.png,clear_sky
55_919_az_219.520_el_20.500.png,clear_sky
55_981_az_148.960_el_28.400.png,clear_sky
56_001_az_225.520_el_20.500.png,clear_sky
56_004_az_327.260_el_20.500.png,clear_sky
56_054_az_333.270_el_20.500.png,clear_sky
56_072_az_231.520_el_20.500.png,clear_sky
56_092_az_154.970_el_28.400.png,clear_sky
56_129_az_160.940_el_28.400.png,clear_sky
56_133_az_237.520_el_20.500.png,clear_sky
56_153_az_339.240_el_20.500.png,clear_sky
56_225_az_166.970_el_28.400.png,clear_sky
56_237_az_243.520_el_20.500.png,clear_sky
56_248_az_345.270_el_20.500.png,clear_sky
56_293_az_172.970_el_28.400.png,clear_sky
56_314_az_351.270_el_20.500.png,clear_sky
56_316_az_249.560_el_20.500.png,clear_sky
56_380_az_178.930_el_28.400.png,clear_sky
56_400_az_255.550_el_20.500.png,clear_sky
56_403_az_357.230_el_20.500.png,clear_sky
56_454_az_184.970_el_28.400.png,clear_sky
56_468_az_261.540_el_20.500.png,clear_sky
56_480_az_3.270_el_20.500.png,clear_sky
56_531_az_9.240_el_20.500.png,clear_sky
56_545_az_267.570_el_20.500.png,clear_sky
56_555_az_190.940_el_28.400.png,clear_sky
56_622_az_196.950_el_28.400.png,clear_sky
56_632_az_273.530_el_20.500.png,clear_sky
56_645_az_15.250_el_20.500.png,clear_sky
56_701_az_202.970_el_28.400.png,clear_sky
56_711_az_279.550_el_20.500.png,clear_sky
56_724_az_21.270_el_20.500.png,clear_sky
56_773_az_208.930_el_28.400.png,clear_sky
56_796_az_27.230_el_20.500.png,clear_sky
56_798_az_285.580_el_20.500.png,clear_sky
56_845_az_291.550_el_20.500.png,clear_sky
56_861_az_214.960_el_28.400.png,clear_sky
56_885_az_33.260_el_20.500.png,clear_sky
56_941_az_220.940_el_28.400.png,clear_sky
56_962_az_297.570_el_20.500.png,clear_sky
56_964_az_39.240_el_20.500.png,clear_sky
57_020_az_226.930_el_28.400.png,clear_sky
57_039_az_303.560_el_20.500.png,clear_sky
57_054_az_45.230_el_20.500.png,clear_sky
57_102_az_232.950_el_28.400.png,clear_sky
57_105_az_309.550_el_20.500.png,clear_sky
57_130_az_51.250_el_20.500.png,clear_sky
57_187_az_238.930_el_28.400.png,clear_sky
57_196_az_315.550_el_20.500.png,clear_sky
57_211_az_57.230_el_20.500.png,clear_sky
57_251_az_244.930_el_28.400.png,clear_sky
57_274_az_63.230_el_20.500.png,clear_sky
57_285_az_321.540_el_20.500.png,clear_sky
57_341_az_250.910_el_28.400.png,clear_sky
57_344_az_327.560_el_20.500.png,clear_sky
57_365_az_69.210_el_20.500.png,clear_sky
57_416_az_333.540_el_20.500.png,clear_sky
57_423_az_75.230_el_20.500.png,clear_sky
57_446_az_256.930_el_28.400.png,clear_sky
57_503_az_262.900_el_28.400.png,clear_sky
57_520_az_339.560_el_20.500.png,clear_sky
57_530_az_81.200_el_20.500.png,clear_sky
57_573_az_268.880_el_28.400.png,clear_sky
57_597_az_87.180_el_20.500.png,clear_sky
57_598_az_345.560_el_20.500.png,clear_sky
57_663_az_274.890_el_28.400.png,clear_sky
57_671_az_351.530_el_20.500.png,clear_sky
57_686_az_93.190_el_20.500.png,clear_sky
57_735_az_280.850_el_28.400.png,clear_sky
57_757_az_99.150_el_20.500.png,clear_sky
57_759_az_357.570_el_20.500.png,clear_sky
57_813_az_105.170_el_20.500.png,clear_sky
57_837_az_286.870_el_28.400.png,clear_sky
57_842_az_3.540_el_20.500.png,clear_sky
57_886_az_9.550_el_20.500.png,clear_sky
57_892_az_292.870_el_28.400.png,clear_sky
57_915_az_111.170_el_20.500.png,clear_sky
57_973_az_298.830_el_28.400.png,clear_sky
57_995_az_117.130_el_20.500.png,clear_sky
58_001_az_15.550_el_20.500.png,clear_sky
58_067_az_123.150_el_20.500.png,clear_sky
58_088_az_21.530_el_20.500.png,clear_sky
58_091_az_304.850_el_28.400.png,clear_sky
58_134_az_310.840_el_28.400.png,clear_sky
58_139_az_27.560_el_20.500.png,clear_sky
58_160_az_129.140_el_20.500.png,clear_sky
58_213_az_316.870_el_28.400.png,clear_sky
58_214_az_33.540_el_20.500.png,clear_sky
58_236_az_135.170_el_20.500.png,clear_sky
58_301_az_322.860_el_28.400.png,clear_sky
58_321_az_39.540_el_20.500.png,clear_sky
58_325_az_141.160_el_20.500.png,clear_sky
58_373_az_328.850_el_28.400.png,clear_sky
58_391_az_45.540_el_20.500.png,clear_sky
58_392_az_147.150_el_20.500.png,clear_sky
58_454_az_334.850_el_28.400.png,clear_sky
58_474_az_51.520_el_20.500.png,clear_sky
58_478_az_153.150_el_20.500.png,clear_sky
58_536_az_340.840_el_28.400.png,clear_sky
58_548_az_57.530_el_20.500.png,clear_sky
58_559_az_159.140_el_20.500.png,clear_sky
58_608_az_63.490_el_20.500.png,clear_sky
58_615_az_165.170_el_20.500.png,clear_sky
58_638_az_346.870_el_28.400.png,clear_sky
58_694_az_352.860_el_28.400.png,clear_sky
58_711_az_69.510_el_20.500.png,clear_sky
58_717_az_171.160_el_20.500.png,clear_sky
58_775_az_177.160_el_20.500.png,clear_sky
58_797_az_75.480_el_20.500.png,clear_sky
58_799_az_358.860_el_28.400.png,clear_sky
58_866_az_4.860_el_28.400.png,clear_sky
58_872_az_81.490_el_20.500.png,clear_sky
58_890_az_183.160_el_20.500.png,clear_sky
58_943_az_10.850_el_28.400.png,clear_sky
58_960_az_87.500_el_20.500.png,clear_sky
58_966_az_189.150_el_20.500.png,clear_sky
59_017_az_16.920_el_28.400.png,clear_sky
59_036_az_195.220_el_20.500.png,clear_sky
59_041_az_93.470_el_20.500.png,clear_sky
59_105_az_22.900_el_28.400.png,clear_sky
59_114_az_99.490_el_20.500.png,clear_sky
59_128_az_201.200_el_20.500.png,clear_sky
59_185_az_28.890_el_28.400.png,clear_sky
59_198_az_207.190_el_20.500.png,clear_sky
59_205_az_105.490_el_20.500.png,clear_sky
59_268_az_34.910_el_28.400.png,clear_sky
59_274_az_111.460_el_20.500.png,clear_sky
59_291_az_213.210_el_20.500.png,clear_sky
59_334_az_219.190_el_20.500.png,clear_sky
59_337_az_117.480_el_20.500.png,clear_sky
59_357_az_40.890_el_28.400.png,clear_sky
59_425_az_46.920_el_28.400.png,clear_sky
59_428_az_123.470_el_20.500.png,clear_sky
59_439_az_225.220_el_20.500.png,clear_sky
59_495_az_52.920_el_28.400.png,clear_sky
59_519_az_231.220_el_20.500.png,clear_sky
59_524_az_129.500_el_20.500.png,clear_sky
59_584_az_58.920_el_28.400.png,clear_sky
59_591_az_135.480_el_20.500.png,clear_sky
59_610_az_237.220_el_20.500.png,clear_sky
59_662_az_64.930_el_28.400.png,clear_sky
59_674_az_141.470_el_20.500.png,clear_sky
59_687_az_243.230_el_20.500.png,clear_sky
59_736_az_70.920_el_28.400.png,clear_sky
59_753_az_147.470_el_20.500.png,clear_sky
59_756_az_249.220_el_20.500.png,clear_sky
59_816_az_76.950_el_28.400.png,clear_sky
59_818_az_153.460_el_20.500.png,clear_sky
59_840_az_255.250_el_20.500.png,clear_sky
59_899_az_82.930_el_28.400.png,clear_sky
59_910_az_159.490_el_20.500.png,clear_sky
59_922_az_261.230_el_20.500.png,clear_sky
59_984_az_267.220_el_20.500.png,clear_sky
59_993_az_165.490_el_20.500.png,clear_sky
